"Date","Price","Open","High","Low","Vol.","Change %"
"Nov 30, 2017","114.46","112.98","114.77","112.85","7.30M","1.00"
"Nov 29, 2017","113.33","111.14","114.48","110.82","3.92M","1.90"
"Nov 28, 2017","111.22","110.20","111.44","110.14","2.22M","0.98"
"Nov 27, 2017","110.14","110.41","110.64","109.83","1.47M","0.11"
"Nov 24, 2017","110.02","110.09","110.44","109.51","868.55K","-0.17"
"Nov 22, 2017","110.21","110.41","110.73","109.79","2.11M","-0.32"
"Nov 21, 2017","110.56","111.14","111.35","110.31","1.73M","0.03"
"Nov 20, 2017","110.53","111.18","111.38","110.40","1.40M","-0.48"
"Nov 17, 2017","111.06","110.98","111.22","110.27","1.97M","0.03"
"Nov 16, 2017","111.03","111.00","111.48","110.47","1.87M","0.33"
"Nov 15, 2017","110.66","112.20","112.23","110.38","1.56M","-1.27"
"Nov 14, 2017","112.08","111.31","112.23","110.94","1.99M","0.49"
"Nov 13, 2017","111.53","110.98","112.06","110.55","3.72M","0.40"
"Nov 10, 2017","111.09","111.71","112.13","110.95","2.11M","-0.79"
"Nov 09, 2017","111.97","112.04","113.15","110.77","1.51M","-0.55"
"Nov 08, 2017","112.59","112.93","113.42","112.52","1.46M","-0.14"
"Nov 07, 2017","112.75","110.33","112.90","109.44","4.41M","1.28"
"Nov 06, 2017","111.33","111.72","112.19","110.27","2.92M","-0.81"
"Nov 03, 2017","112.24","114.57","114.70","111.84","2.91M","-1.84"
"Nov 02, 2017","114.34","115.00","115.49","112.12","3.60M","-0.92"
"Nov 01, 2017","115.40","116.40","116.77","114.69","2.75M","-0.74"
"Oct 31, 2017","116.26","116.88","117.14","116.01","1.82M","-0.62"
"Oct 30, 2017","116.98","118.09","118.17","116.55","1.38M","-1.07"
"Oct 27, 2017","118.25","116.90","118.47","116.28","1.59M","0.81"
"Oct 26, 2017","117.30","117.26","117.85","116.71","1.61M","0.83"
"Oct 25, 2017","116.34","116.28","116.72","115.14","1.81M","-0.10"
"Oct 24, 2017","116.46","116.69","117.30","116.06","2.15M","-0.47"
"Oct 23, 2017","117.01","116.26","117.80","115.46","2.09M","0.93"
"Oct 20, 2017","115.93","114.99","116.08","114.56","1.71M","1.14"
"Oct 19, 2017","114.62","113.95","114.65","113.29","1.13M","0.61"
"Oct 18, 2017","113.93","113.69","114.47","113.55","1.41M","0.18"
"Oct 17, 2017","113.72","114.10","114.13","113.24","1.37M","-0.75"
"Oct 16, 2017","114.58","113.91","114.72","113.66","1.06M","0.63"
"Oct 13, 2017","113.86","114.18","114.40","112.24","1.24M","0.24"
"Oct 12, 2017","113.59","112.99","113.64","112.91","1.13M","0.44"
"Oct 11, 2017","113.09","114.26","114.39","112.41","1.66M","-0.89"
"Oct 10, 2017","114.11","113.62","114.14","113.19","1.01M","0.48"
"Oct 09, 2017","113.57","113.45","114.06","113.16","1.88M","0.08"
"Oct 06, 2017","113.48","113.51","113.73","112.59","1.67M","-0.08"
"Oct 05, 2017","113.57","111.92","113.63","111.48","1.91M","1.95"
"Oct 04, 2017","111.40","110.65","111.44","109.70","1.91M","0.62"
"Oct 03, 2017","110.71","109.66","110.98","109.35","1.84M","1.27"
"Oct 02, 2017","109.32","109.22","109.50","108.53","3.54M","0.00"
"Sep 29, 2017","109.32","109.11","109.74","109.00","1.23M","0.28"
"Sep 28, 2017","109.02","109.13","109.51","108.05","1.94M","-0.57"
"Sep 27, 2017","109.64","108.53","109.94","108.13","3.85M","1.27"
"Sep 26, 2017","108.27","109.15","109.52","108.23","1.54M","-0.51"
"Sep 25, 2017","108.82","107.91","108.90","107.42","5.07M","0.61"
"Sep 22, 2017","108.16","106.43","108.55","106.29","1.80M","1.28"
"Sep 21, 2017","106.79","107.08","107.37","106.71","1.51M","-0.04"
"Sep 20, 2017","106.83","107.63","107.94","106.32","2.47M","-0.60"
"Sep 19, 2017","107.48","106.95","107.71","106.70","1.80M","0.87"
"Sep 18, 2017","106.55","106.83","106.96","106.25","3.54M","-0.22"
"Sep 15, 2017","106.78","106.89","107.79","106.25","3.12M","-0.01"
"Sep 14, 2017","106.79","106.64","107.23","106.33","1.92M","-0.38"
"Sep 13, 2017","107.20","107.88","107.97","107.16","1.91M","-0.67"
"Sep 12, 2017","107.92","107.05","108.69","106.36","3.08M","0.39"
"Sep 11, 2017","107.50","108.83","109.00","106.85","5.67M","-0.84"
"Sep 08, 2017","108.41","108.77","109.44","107.91","3.12M","-0.47"
"Sep 07, 2017","108.92","108.41","109.49","108.12","3.92M","0.81"
"Sep 06, 2017","108.05","107.05","109.12","106.62","5.17M","1.52"
"Sep 05, 2017","106.43","106.64","107.56","105.94","5.48M","-0.86"
"Sep 01, 2017","107.35","106.53","107.58","106.36","2.20M","0.83"
"Aug 31, 2017","106.47","106.49","106.81","105.96","2.10M","0.51"
"Aug 30, 2017","105.93","105.28","106.31","104.66","8.83M","0.77"
"Aug 29, 2017","105.12","103.99","105.34","103.76","2.55M","0.34"
"Aug 28, 2017","104.76","104.88","105.24","104.53","1.66M","0.16"
"Aug 25, 2017","104.59","104.87","105.43","104.46","3.45M","0.00"
"Aug 24, 2017","104.59","103.60","105.21","103.36","3.04M","1.09"
"Aug 23, 2017","103.46","103.43","103.92","102.81","13.19M","-0.25"
"Aug 22, 2017","103.72","104.87","105.10","103.36","2.97M","0.81"
"Aug 21, 2017","102.89","104.52","104.84","102.84","4.32M","-1.46"
"Aug 18, 2017","104.41","104.20","104.96","103.43","5.30M","-0.26"
"Aug 17, 2017","104.68","110.69","110.95","104.62","12.98M","-5.78"
"Aug 16, 2017","111.10","111.82","111.89","110.54","2.52M","-0.43"
"Aug 15, 2017","111.58","110.02","111.78","109.43","5.80M","1.72"
"Aug 14, 2017","109.69","109.34","109.93","108.90","10.77M","0.81"
"Aug 11, 2017","108.81","108.77","109.68","108.22","4.64M","-0.08"
"Aug 10, 2017","108.90","108.80","109.84","107.90","4.88M","-0.69"
"Aug 09, 2017","109.66","108.84","110.11","108.06","8.39M","1.06"
"Aug 08, 2017","108.51","112.20","112.56","108.07","9.71M","-3.26"
"Aug 07, 2017","112.17","111.50","114.00","111.05","4.01M","0.70"
"Aug 04, 2017","111.39","113.50","113.92","110.10","8.11M","-0.34"
"Aug 03, 2017","111.77","113.69","113.85","111.00","9.00M","-3.02"
"Aug 02, 2017","115.25","115.65","116.44","114.12","9.97M","-1.31"
"Aug 01, 2017","116.78","118.79","119.38","116.33","5.61M","-1.79"
"Jul 31, 2017","118.91","118.00","121.77","117.87","8.19M","1.30"
"Jul 28, 2017","117.38","115.25","117.66","115.00","7.88M","1.51"
"Jul 27, 2017","115.63","103.50","120.00","103.50","29.84M","9.11"
"Jul 26, 2017","105.98","103.56","106.06","103.02","5.62M","2.71"
"Jul 25, 2017","103.18","103.69","104.05","102.70","3.23M","-0.35"
"Jul 24, 2017","103.54","104.34","104.44","102.46","5.40M","-0.99"
"Jul 21, 2017","104.58","102.68","104.94","102.68","3.72M","1.20"
"Jul 20, 2017","103.34","102.93","103.47","102.83","3.11M","0.57"
"Jul 19, 2017","102.75","101.50","103.07","101.20","3.68M","1.42"
"Jul 18, 2017","101.31","100.94","101.38","100.51","2.38M","-0.38"
"Jul 17, 2017","101.70","101.38","101.81","101.22","3.15M","0.35"
"Jul 14, 2017","101.35","101.61","101.90","101.24","2.84M","-0.28"
"Jul 13, 2017","101.63","102.49","102.68","101.42","4.71M","-0.85"
"Jul 12, 2017","102.50","102.80","103.46","102.33","3.09M","0.65"
"Jul 11, 2017","101.84","103.23","103.61","101.15","5.09M","-1.76"
"Jul 10, 2017","103.66","105.00","105.37","103.64","5.42M","-1.41"
"Jul 07, 2017","105.14","103.75","105.41","103.42","2.77M","1.64"
"Jul 06, 2017","103.44","103.76","103.76","102.80","2.72M","-0.61"
"Jul 05, 2017","104.07","102.81","104.12","101.88","2.84M","1.61"
"Jul 03, 2017","102.42","101.98","103.14","101.91","1.59M","-0.04"
"Jun 30, 2017","102.46","102.19","102.81","101.76","2.96M","0.99"
"Jun 29, 2017","101.46","102.40","102.54","101.07","3.80M","-1.19"
"Jun 28, 2017","102.68","101.80","102.84","100.56","2.93M","1.16"
"Jun 27, 2017","101.50","101.84","102.61","101.49","2.88M","-0.69"
"Jun 26, 2017","102.21","101.66","102.28","101.44","2.41M","0.79"
"Jun 23, 2017","101.41","101.81","102.03","101.28","2.84M","-0.49"
"Jun 22, 2017","101.91","102.69","102.69","101.37","2.33M","-0.58"
"Jun 21, 2017","102.50","103.74","103.74","102.05","3.09M","0.02"
"Jun 20, 2017","102.48","102.52","103.39","102.44","3.59M","-1.57"
"Jun 19, 2017","104.11","103.73","104.16","103.25","2.02M","0.60"
"Jun 16, 2017","103.49","101.65","103.72","101.65","3.57M","1.29"
"Jun 15, 2017","102.17","100.88","102.30","100.60","1.62M","0.91"
"Jun 14, 2017","101.25","102.19","102.31","100.83","2.68M","-0.61"
"Jun 13, 2017","101.87","101.61","102.08","101.15","2.36M","0.32"
"Jun 12, 2017","101.54","100.37","101.56","100.02","2.03M","1.43"
"Jun 09, 2017","100.11","100.86","101.26","99.85","4.27M","-0.65"
"Jun 08, 2017","100.77","101.11","101.27","100.44","2.61M","-0.17"
"Jun 07, 2017","100.94","101.01","101.50","100.69","2.36M","-0.26"
"Jun 06, 2017","101.20","101.00","101.72","100.65","1.99M","0.10"
"Jun 05, 2017","101.10","101.10","101.62","100.89","3.14M","0.12"
"Jun 02, 2017","100.98","100.12","101.08","98.50","8.14M","-2.29"
"Jun 01, 2017","103.35","103.00","103.40","102.01","2.43M","0.96"
"May 31, 2017","102.37","101.70","102.50","101.51","3.17M","0.83"
"May 30, 2017","101.53","101.21","101.66","100.53","1.73M","0.18"
"May 26, 2017","101.35","101.23","101.53","100.91","1.92M","0.19"
"May 25, 2017","101.16","100.27","101.43","100.03","1.83M","1.18"
"May 24, 2017","99.98","99.49","100.06","99.43","1.94M","0.45"
"May 23, 2017","99.53","99.37","99.54","99.06","1.40M","0.08"
"May 22, 2017","99.45","98.48","99.56","98.44","2.02M","0.84"
"May 19, 2017","98.62","98.34","98.92","97.89","2.79M","0.27"
"May 18, 2017","98.35","97.15","98.65","96.80","2.20M","1.08"
"May 17, 2017","97.30","97.70","98.08","97.23","2.80M","-1.04"
"May 16, 2017","98.32","98.39","98.76","98.15","2.21M","-0.13"
"May 15, 2017","98.45","97.01","98.54","96.76","3.36M","1.32"
"May 12, 2017","97.17","96.57","97.30","96.25","1.96M","0.74"
"May 11, 2017","96.46","96.53","96.60","95.87","3.03M","-0.18"
"May 10, 2017","96.63","96.97","97.50","95.85","2.92M","-0.46"
"May 09, 2017","97.08","96.63","97.43","96.17","2.63M","0.39"
"May 08, 2017","96.70","99.50","99.65","96.42","4.80M","-2.61"
"May 05, 2017","99.29","99.35","99.53","98.64","1.86M","0.19"
"May 04, 2017","99.10","98.31","99.13","97.59","3.38M","1.63"
"May 03, 2017","97.51","98.95","99.62","95.50","6.34M","-6.25"
"May 02, 2017","104.01","104.19","104.43","103.60","2.25M","0.04"
"May 01, 2017","103.97","104.29","104.41","103.59","1.41M","-0.50"
"Apr 28, 2017","104.49","105.03","105.28","104.29","1.61M","-0.64"
"Apr 27, 2017","105.16","105.26","105.67","104.65","1.51M","0.29"
"Apr 26, 2017","104.86","104.51","105.15","104.31","1.43M","-0.14"
"Apr 25, 2017","105.01","104.14","105.22","104.09","1.31M","0.84"
"Apr 24, 2017","104.14","104.00","104.19","103.10","1.89M","1.41"
"Apr 21, 2017","102.69","103.04","103.48","102.49","1.53M","-0.34"
"Apr 20, 2017","103.04","102.34","103.32","102.23","1.22M","0.95"
"Apr 19, 2017","102.07","102.10","102.56","101.78","1.11M","0.14"
"Apr 18, 2017","101.93","101.57","102.47","100.08","1.57M","0.07"
"Apr 17, 2017","101.86","101.95","102.00","101.36","1.22M","0.59"
"Apr 13, 2017","101.26","102.26","102.26","101.24","1.22M","-0.68"
"Apr 12, 2017","101.95","101.73","102.10","101.49","1.81M","-0.14"
"Apr 11, 2017","102.09","101.88","102.43","101.33","908.73K","-0.05"
"Apr 10, 2017","102.14","102.16","102.68","101.79","979.98K","-0.05"
"Apr 07, 2017","102.19","101.87","102.42","101.46","1.60M","0.43"
"Apr 06, 2017","101.75","101.89","101.91","101.45","1.09M","-0.18"
"Apr 05, 2017","101.93","101.81","103.01","101.24","1.69M","0.47"
"Apr 04, 2017","101.45","101.33","101.53","100.86","1.14M","0.18"
"Apr 03, 2017","101.27","102.23","102.57","101.02","1.64M","-1.09"
"Mar 31, 2017","102.39","102.14","102.62","101.98","1.37M","0.22"
"Mar 30, 2017","102.17","102.07","102.44","101.77","1.23M","0.04"
"Mar 29, 2017","102.13","102.91","103.03","101.88","2.25M","-1.11"
"Mar 28, 2017","103.28","102.53","103.62","102.21","1.49M","0.36"
"Mar 27, 2017","102.91","102.73","103.26","102.37","1.50M","-0.45"
"Mar 24, 2017","103.38","103.75","104.17","103.06","1.36M","-0.14"
"Mar 23, 2017","103.52","103.49","104.25","103.10","1.01M","-0.15"
"Mar 22, 2017","103.68","103.35","103.74","102.89","2.01M","0.54"
"Mar 21, 2017","103.12","104.90","104.96","102.99","1.61M","-1.27"
"Mar 20, 2017","104.45","105.17","105.18","104.22","1.32M","-0.63"
"Mar 17, 2017","105.11","104.31","105.20","104.03","2.89M","0.82"
"Mar 16, 2017","104.25","104.65","104.89","103.90","1.23M","-0.40"
"Mar 15, 2017","104.67","104.27","104.79","103.66","1.50M","0.67"
"Mar 14, 2017","103.97","104.66","104.76","103.69","1.85M","-0.83"
"Mar 13, 2017","104.84","104.49","104.90","104.14","1.80M","0.28"
"Mar 10, 2017","104.55","103.87","104.63","103.54","1.56M","1.11"
"Mar 09, 2017","103.40","103.57","104.08","102.92","1.39M","-0.30"
"Mar 08, 2017","103.71","103.62","104.13","103.34","1.58M","-0.54"
"Mar 07, 2017","104.27","104.54","104.85","103.90","1.88M","-0.65"
"Mar 06, 2017","104.95","103.88","105.00","103.88","1.68M","0.43"
"Mar 03, 2017","104.50","103.95","104.61","103.63","1.22M","0.41"
"Mar 02, 2017","104.07","104.14","104.37","103.86","1.70M","-0.44"
"Mar 01, 2017","104.53","103.66","104.71","103.23","1.83M","1.86"
"Feb 28, 2017","102.62","102.68","102.81","102.24","2.06M","-0.08"
"Feb 27, 2017","102.70","102.93","103.14","102.47","1.19M","-0.29"
"Feb 24, 2017","103.00","101.63","103.01","101.30","1.77M","1.34"
"Feb 23, 2017","101.64","100.79","101.78","100.49","1.46M","1.21"
"Feb 22, 2017","100.42","99.09","100.68","99.09","1.68M","1.21"
"Feb 21, 2017","99.22","99.39","99.59","98.75","2.10M","-0.46"
"Feb 17, 2017","99.68","99.60","99.70","98.82","1.58M","-0.20"
"Feb 16, 2017","99.88","99.59","99.88","99.19","1.31M","0.23"
"Feb 15, 2017","99.65","98.89","99.66","98.54","1.58M","0.21"
"Feb 14, 2017","99.44","98.42","99.60","98.32","1.62M","0.87"
"Feb 13, 2017","98.58","98.06","98.60","98.06","1.50M","0.78"
"Feb 10, 2017","97.82","97.70","98.30","97.46","1.21M","0.17"
"Feb 09, 2017","97.65","96.77","97.99","96.31","3.38M","1.11"
"Feb 08, 2017","96.58","96.19","97.06","96.05","1.30M","0.30"
"Feb 07, 2017","96.29","96.50","96.86","95.91","1.52M","-0.19"
"Feb 06, 2017","96.47","96.68","97.07","96.07","1.77M","-0.41"
"Feb 03, 2017","96.87","97.21","97.40","96.51","2.94M","0.57"
"Feb 02, 2017","96.32","95.23","97.19","95.03","3.98M","1.12"
"Feb 01, 2017","95.25","96.03","97.32","94.11","8.01M","-5.68"
"Jan 31, 2017","100.99","101.79","102.13","100.77","2.61M","-0.96"
"Jan 30, 2017","101.97","101.56","102.01","100.90","1.65M","0.26"
"Jan 27, 2017","101.71","101.44","102.15","101.18","1.80M","-0.32"
"Jan 26, 2017","102.04","102.41","102.66","102.00","2.12M","-0.64"
"Jan 25, 2017","102.70","103.46","103.65","102.38","1.98M","-0.52"
"Jan 24, 2017","103.24","102.25","103.35","102.14","1.69M","1.02"
"Jan 23, 2017","102.20","102.81","103.10","101.86","1.49M","-1.01"
"Jan 20, 2017","103.24","103.00","103.74","102.80","1.65M","0.26"
"Jan 19, 2017","102.97","102.79","103.27","102.70","1.53M","0.06"
"Jan 18, 2017","102.91","103.49","103.49","102.73","1.49M","-0.16"
"Jan 17, 2017","103.07","103.32","103.54","102.89","1.28M","-0.67"
"Jan 13, 2017","103.77","103.77","104.09","103.17","1.63M","-0.03"
"Jan 12, 2017","103.80","102.98","103.92","102.24","1.55M","0.58"
"Jan 11, 2017","103.20","102.27","103.58","102.27","1.78M","0.98"
"Jan 10, 2017","102.20","102.25","103.04","102.04","1.64M","-0.26"
"Jan 09, 2017","102.47","102.95","103.24","102.47","1.38M","-0.62"
"Jan 06, 2017","103.11","103.23","103.27","102.27","2.02M","0.07"
"Jan 05, 2017","103.04","103.46","103.89","102.40","2.22M","-0.60"
"Jan 04, 2017","103.66","103.41","103.98","103.25","2.50M","0.15"
"Jan 03, 2017","103.50","102.38","103.58","102.31","2.23M","0.70"
"Dec 30, 2016","102.78","103.38","103.44","102.00","2.01M","-0.65"
"Dec 29, 2016","103.45","103.27","103.85","103.00","1.26M","0.39"
"Dec 28, 2016","103.05","103.53","103.88","103.02","1.56M","-0.25"
"Dec 27, 2016","103.31","102.86","103.78","102.78","929.96K","0.37"
"Dec 23, 2016","102.93","102.52","102.96","102.51","777.99K","0.32"
"Dec 22, 2016","102.60","102.64","102.81","101.89","1.57M","0.13"
"Dec 21, 2016","102.47","102.26","102.82","101.69","2.04M","0.14"
"Dec 20, 2016","102.33","101.74","102.66","101.40","2.40M","1.23"
"Dec 19, 2016","101.09","100.72","101.60","100.58","1.99M","0.24"
"Dec 16, 2016","100.85","100.32","101.58","99.34","5.68M","2.12"
"Dec 15, 2016","98.76","97.82","99.13","97.51","1.72M","1.10"
"Dec 14, 2016","97.69","98.40","98.85","97.52","1.90M","-0.72"
"Dec 13, 2016","98.40","98.64","99.25","98.04","2.09M","0.35"
"Dec 12, 2016","98.06","98.13","98.55","97.84","1.77M","-0.16"
"Dec 09, 2016","98.22","98.07","98.30","97.57","3.35M","0.03"
"Dec 08, 2016","98.19","97.53","98.36","97.36","2.08M","0.64"
"Dec 07, 2016","97.57","95.33","97.72","95.33","2.25M","1.64"
"Dec 06, 2016","96.00","96.15","96.45","95.15","1.82M","-0.05"
"Dec 05, 2016","96.05","95.86","96.22","95.45","2.49M","0.85"
"Dec 02, 2016","95.24","95.46","96.10","94.99","1.71M","-0.55"
"Dec 01, 2016","95.77","95.99","96.19","95.20","2.06M","-0.26"
"Nov 30, 2016","96.02","97.14","97.54","96.01","2.81M","-1.05"
"Nov 29, 2016","97.04","96.71","97.37","96.43","1.59M","0.49"
"Nov 28, 2016","96.57","96.63","96.94","96.00","1.97M","-0.36"
"Nov 25, 2016","96.92","96.68","97.15","96.50","724.80K","0.28"
"Nov 23, 2016","96.65","96.59","97.43","96.47","2.97M","0.27"
"Nov 22, 2016","96.39","95.65","96.59","95.34","2.43M","0.84"
"Nov 21, 2016","95.59","94.47","95.62","94.38","2.25M","1.27"
"Nov 18, 2016","94.39","94.31","94.60","93.95","1.64M","0.01"
"Nov 17, 2016","94.38","93.15","94.43","93.09","2.03M","1.19"
"Nov 16, 2016","93.27","92.34","93.35","91.60","1.96M","1.01"
"Nov 15, 2016","92.34","92.13","92.62","91.88","2.03M","0.49"
"Nov 14, 2016","91.89","91.40","92.36","90.90","2.96M","0.89"
"Nov 11, 2016","91.08","90.94","91.94","90.45","2.10M","-0.34"
"Nov 10, 2016","91.39","91.44","91.89","90.13","2.56M","0.54"
"Nov 09, 2016","90.90","87.89","91.20","87.58","2.86M","-0.27"
"Nov 08, 2016","91.15","90.75","91.60","90.55","1.67M","0.61"
"Nov 07, 2016","90.60","90.35","90.86","89.94","2.24M","1.71"
"Nov 04, 2016","89.08","88.03","89.75","88.03","2.09M","-0.28"
"Nov 03, 2016","89.33","89.97","90.00","88.91","2.51M","-0.72"
"Nov 02, 2016","89.98","88.10","90.89","88.10","5.36M","3.52"
"Nov 01, 2016","86.92","87.30","87.50","86.53","3.07M","-0.16"
"Oct 31, 2016","87.06","87.57","87.71","86.98","2.49M","-0.11"
"Oct 28, 2016","87.16","86.74","87.65","86.60","2.13M","0.58"
"Oct 27, 2016","86.66","87.36","87.43","86.63","1.77M","-0.61"
"Oct 26, 2016","87.19","87.26","87.74","87.02","1.33M","-0.35"
"Oct 25, 2016","87.50","87.55","87.75","87.20","1.30M","-0.19"
"Oct 24, 2016","87.67","87.34","87.81","87.19","1.03M","1.10"
"Oct 21, 2016","86.72","86.49","86.82","85.48","1.28M","-0.14"
"Oct 20, 2016","86.84","87.20","87.56","86.49","1.42M","-0.67"
"Oct 19, 2016","87.43","87.58","87.73","87.34","906.36K","0.06"
"Oct 18, 2016","87.38","88.12","88.37","87.32","1.11M","0.16"
"Oct 17, 2016","87.24","87.58","87.70","86.98","1.24M","-0.37"
"Oct 14, 2016","87.56","87.32","88.05","86.91","1.38M","0.77"
"Oct 13, 2016","86.89","86.43","87.19","85.95","1.37M","0.02"
"Oct 12, 2016","86.87","86.28","87.13","86.07","1.14M","0.91"
"Oct 11, 2016","86.09","87.67","87.67","85.72","1.96M","-1.91"
"Oct 10, 2016","87.77","87.74","88.23","87.63","1.02M","0.46"
"Oct 07, 2016","87.37","87.79","87.79","86.86","1.58M","-0.22"
"Oct 06, 2016","87.56","87.25","87.70","86.78","1.34M","-0.02"
"Oct 05, 2016","87.58","87.64","87.78","87.08","1.32M","0.47"
"Oct 04, 2016","87.17","87.82","87.99","86.95","1.53M","-0.52"
"Oct 03, 2016","87.63","88.16","88.16","87.55","1.36M","-0.65"
"Sep 30, 2016","88.20","87.39","88.49","87.17","2.69M","1.14"
"Sep 29, 2016","87.21","87.41","88.17","87.20","1.63M","-0.27"
"Sep 28, 2016","87.45","89.09","89.09","87.11","2.10M","-1.69"
"Sep 27, 2016","88.95","88.28","89.07","88.10","1.27M","0.86"
"Sep 26, 2016","88.19","87.91","88.45","87.86","1.10M","-0.32"
"Sep 23, 2016","88.47","88.65","89.24","88.45","1.43M","-1.11"
"Sep 22, 2016","89.46","89.53","89.81","89.17","1.62M","0.65"
"Sep 21, 2016","88.88","87.82","88.97","87.71","1.80M","1.24"
"Sep 20, 2016","87.79","87.12","88.09","86.93","1.74M","1.42"
"Sep 19, 2016","86.56","87.09","87.40","86.45","1.69M","-0.22"
"Sep 16, 2016","86.75","87.15","87.18","86.21","2.63M","-0.83"
"Sep 15, 2016","87.48","86.48","87.79","86.23","1.45M","0.91"
"Sep 14, 2016","86.69","86.86","87.24","86.45","1.17M","0.00"
"Sep 13, 2016","86.69","87.32","87.79","86.36","1.94M","-1.65"
"Sep 12, 2016","88.14","86.46","88.24","86.33","1.89M","1.81"
"Sep 09, 2016","86.57","88.57","88.99","86.55","2.01M","-3.24"
"Sep 08, 2016","89.47","89.71","90.07","89.33","1.24M","-0.54"
"Sep 07, 2016","89.96","89.20","89.99","89.15","1.23M","0.11"
"Sep 06, 2016","89.86","89.72","90.14","89.44","1.73M","-0.59"
"Sep 02, 2016","90.39","90.88","90.99","90.06","1.74M","-0.26"
"Sep 01, 2016","90.63","90.02","90.63","89.66","1.78M","0.91"
"Aug 31, 2016","89.81","89.68","90.03","89.41","1.30M","0.02"
"Aug 30, 2016","89.79","89.81","90.06","89.50","1.32M","0.22"
"Aug 29, 2016","89.59","89.84","90.30","89.49","1.11M","-0.22"
"Aug 26, 2016","89.79","89.96","90.60","89.32","1.37M","0.02"
"Aug 25, 2016","89.77","89.72","89.98","89.30","1.05M","0.10"
"Aug 24, 2016","89.68","89.81","89.91","89.54","1.12M","-0.33"
"Aug 23, 2016","89.98","90.08","90.19","89.78","1.18M","0.08"
"Aug 22, 2016","89.91","89.82","90.02","89.54","1.11M","0.07"
"Aug 19, 2016","89.85","89.52","89.97","89.10","1.44M","0.02"
"Aug 18, 2016","89.83","89.57","89.90","89.39","1.03M","0.56"
"Aug 17, 2016","89.33","89.80","89.86","88.79","1.77M","-0.26"
"Aug 16, 2016","89.56","90.04","90.25","89.55","939.94K","-0.87"
"Aug 15, 2016","90.35","90.48","90.66","90.16","919.30K","0.24"
"Aug 12, 2016","90.13","90.03","90.40","90.01","929.68K","-0.30"
"Aug 11, 2016","90.40","90.09","90.65","90.01","1.38M","0.40"
"Aug 10, 2016","90.04","89.93","90.12","89.51","1.10M","0.08"
"Aug 09, 2016","89.97","89.44","90.34","89.44","1.33M","0.59"
"Aug 08, 2016","89.44","89.59","89.88","89.19","1.83M","-0.26"
"Aug 05, 2016","89.67","89.00","89.72","88.54","1.96M","1.43"
"Aug 04, 2016","88.41","88.11","88.66","88.03","1.48M","0.25"
"Aug 03, 2016","88.19","88.24","88.30","87.55","2.25M","0.25"
"Aug 02, 2016","87.97","88.70","88.94","87.86","2.38M","-0.79"
"Aug 01, 2016","88.67","88.06","89.71","87.85","3.35M","-0.31"
"Jul 29, 2016","88.95","91.38","91.38","88.92","3.90M","-3.03"
"Jul 28, 2016","91.73","93.00","93.00","91.37","3.61M","-3.37"
"Jul 27, 2016","94.93","95.66","95.73","94.75","2.05M","-0.83"
"Jul 26, 2016","95.72","95.56","96.00","95.08","1.41M","0.45"
"Jul 25, 2016","95.29","95.16","95.36","94.87","1.25M","-0.16"
"Jul 22, 2016","95.44","95.51","95.69","94.75","1.22M","0.59"
"Jul 21, 2016","94.88","95.10","95.42","94.39","1.26M","-0.53"
"Jul 20, 2016","95.39","95.56","95.64","95.04","1.09M","0.39"
"Jul 19, 2016","95.02","94.85","95.05","94.66","925.54K","0.09"
"Jul 18, 2016","94.93","95.29","95.38","94.81","879.74K","-0.14"
"Jul 15, 2016","95.06","95.70","95.77","94.93","1.36M","-0.16"
"Jul 14, 2016","95.21","95.75","95.78","95.01","1.33M","0.07"
"Jul 13, 2016","95.14","95.29","95.39","94.67","1.37M","0.35"
"Jul 12, 2016","94.81","95.58","95.73","94.75","2.27M","-0.35"
"Jul 11, 2016","95.14","95.00","95.64","94.84","1.82M","0.71"
"Jul 08, 2016","94.47","94.12","94.59","93.64","2.15M","1.04"
"Jul 07, 2016","93.50","93.17","93.68","92.87","1.73M","0.09"
"Jul 06, 2016","93.42","93.43","93.62","92.68","2.30M","0.12"
"Jul 05, 2016","93.31","92.53","93.65","92.33","2.94M","0.60"
"Jul 01, 2016","92.75","92.00","92.97","91.79","2.46M","0.96"
"Jun 30, 2016","91.87","89.37","91.87","88.73","2.94M","3.07"
"Jun 29, 2016","89.13","88.47","89.34","88.28","2.27M","1.38"
"Jun 28, 2016","87.92","86.31","87.94","85.95","2.53M","2.64"
"Jun 27, 2016","85.66","85.94","86.40","85.23","2.61M","-1.22"
"Jun 24, 2016","86.72","86.23","88.48","86.04","4.04M","-3.58"
"Jun 23, 2016","89.94","89.74","89.94","89.12","1.36M","1.26"
"Jun 22, 2016","88.82","89.66","89.76","88.74","1.50M","-0.58"
"Jun 21, 2016","89.34","89.30","89.52","88.92","1.73M","0.34"
"Jun 20, 2016","89.04","88.67","89.46","88.56","2.06M","1.63"
"Jun 17, 2016","87.61","88.09","88.15","86.93","2.71M","-0.48"
"Jun 16, 2016","88.03","87.21","88.19","86.92","1.47M","0.48"
"Jun 15, 2016","87.61","87.53","88.01","87.23","2.08M","0.14"
"Jun 14, 2016","87.49","86.97","87.58","86.97","2.35M","0.38"
"Jun 13, 2016","87.16","87.02","87.67","86.91","3.19M","0.08"
"Jun 10, 2016","87.09","86.55","87.31","86.52","1.64M","-0.62"
"Jun 09, 2016","87.63","87.03","87.66","86.88","1.52M","0.47"
"Jun 08, 2016","87.22","86.60","87.23","86.31","1.80M","0.40"
"Jun 07, 2016","86.87","87.70","87.97","86.79","2.48M","-0.94"
"Jun 06, 2016","87.69","87.52","88.00","87.36","1.39M","0.41"
"Jun 03, 2016","87.33","87.65","87.65","86.72","1.40M","-0.86"
"Jun 02, 2016","88.09","88.04","88.12","87.51","1.09M","-0.03"
"Jun 01, 2016","88.12","87.60","88.18","87.45","1.69M","0.32"
"May 31, 2016","87.84","88.37","88.37","87.33","2.04M","-0.23"
"May 27, 2016","88.04","87.74","88.08","87.53","1.08M","0.39"
"May 26, 2016","87.70","87.39","87.93","87.09","1.04M","0.21"
"May 25, 2016","87.52","87.67","88.01","87.43","1.41M","0.07"
"May 24, 2016","87.46","85.99","87.49","85.86","2.16M","2.59"
"May 23, 2016","85.25","85.49","85.70","85.20","1.08M","-0.26"
"May 20, 2016","85.47","85.46","86.08","85.29","1.38M","0.39"
"May 19, 2016","85.14","84.76","85.26","84.36","1.49M","-0.54"
"May 18, 2016","85.60","85.28","86.01","84.91","1.27M","0.29"
"May 17, 2016","85.35","86.33","86.85","85.09","1.51M","-1.56"
"May 16, 2016","86.70","86.03","87.00","85.90","1.73M","1.10"
"May 13, 2016","85.76","86.42","86.87","85.74","1.86M","-0.90"
"May 12, 2016","86.54","87.31","87.31","86.11","1.69M","-0.15"
"May 11, 2016","86.67","88.19","88.49","86.66","1.95M","-2.07"
"May 10, 2016","88.50","87.43","88.53","87.16","4.13M","1.54"
"May 09, 2016","87.16","87.15","87.69","86.77","3.34M","0.36"
"May 06, 2016","86.85","86.14","87.12","86.09","4.49M","0.46"
"May 05, 2016","86.45","86.67","87.91","86.28","5.09M","-2.19"
"May 04, 2016","88.39","88.32","88.74","87.87","1.19M","-0.47"
"May 03, 2016","88.81","89.19","89.49","87.85","3.26M","-0.69"
"May 02, 2016","89.43","88.24","89.60","88.21","2.23M","1.12"
"Apr 29, 2016","88.44","88.40","88.89","87.77","2.29M","-0.74"
"Apr 28, 2016","89.10","87.84","90.89","87.40","2.95M","-1.13"
"Apr 27, 2016","90.12","89.73","90.45","89.61","2.41M","0.37"
"Apr 26, 2016","89.79","89.82","90.33","89.32","1.63M","0.23"
"Apr 25, 2016","89.58","89.54","89.63","89.00","1.14M","-0.08"
"Apr 22, 2016","89.65","89.11","89.81","88.89","1.41M","0.34"
"Apr 21, 2016","89.35","90.62","90.71","89.23","1.54M","-0.85"
"Apr 20, 2016","90.12","90.68","90.79","90.10","1.90M","-0.68"
"Apr 19, 2016","90.74","91.00","91.00","90.27","1.91M","0.04"
"Apr 18, 2016","90.70","89.96","90.76","89.71","1.30M","0.61"
"Apr 15, 2016","90.15","90.83","90.83","89.75","1.75M","-0.12"
"Apr 14, 2016","90.26","90.53","90.64","89.96","1.80M","0.02"
"Apr 13, 2016","90.24","90.54","90.54","89.70","1.66M","0.14"
"Apr 12, 2016","90.11","89.93","90.16","89.41","1.50M","0.45"
"Apr 11, 2016","89.71","90.95","90.99","89.69","1.56M","-0.69"
"Apr 08, 2016","90.33","90.32","90.68","89.94","1.09M","0.59"
"Apr 07, 2016","89.80","90.07","90.45","89.41","1.66M","-1.14"
"Apr 06, 2016","90.84","89.69","90.94","89.34","1.89M","1.21"
"Apr 05, 2016","89.75","90.69","90.69","89.39","1.78M","0.04"
"Apr 04, 2016","89.71","90.08","90.40","89.47","1.18M","-0.61"
"Apr 01, 2016","90.26","88.74","90.37","88.74","1.63M","0.61"
"Mar 31, 2016","89.71","89.07","90.00","89.07","1.48M","0.63"
"Mar 30, 2016","89.15","89.71","89.78","89.06","1.51M","-0.31"
"Mar 29, 2016","89.43","88.42","89.46","88.25","1.71M","1.28"
"Mar 28, 2016","88.30","88.80","88.96","88.23","1.33M","-0.51"
"Mar 24, 2016","88.75","88.23","88.77","87.77","1.04M","0.25"
"Mar 23, 2016","88.53","88.56","88.79","88.21","1.19M","-0.12"
"Mar 22, 2016","88.64","88.79","89.01","88.41","1.22M","-0.42"
"Mar 21, 2016","89.01","88.21","89.33","88.14","1.58M","0.42"
"Mar 18, 2016","88.64","89.24","89.24","88.02","3.21M","-0.23"
"Mar 17, 2016","88.84","87.76","89.09","87.62","1.48M","1.35"
"Mar 16, 2016","87.66","86.99","87.88","86.71","1.09M","0.39"
"Mar 15, 2016","87.32","86.55","87.34","86.41","1.20M","0.06"
"Mar 14, 2016","87.27","86.81","87.44","86.57","1.31M","0.00"
"Mar 11, 2016","87.27","86.31","87.49","85.67","1.86M","2.43"
"Mar 10, 2016","85.20","86.21","86.75","84.36","1.53M","-0.61"
"Mar 09, 2016","85.72","85.33","85.77","85.03","1.64M","0.27"
"Mar 08, 2016","85.49","85.60","86.14","85.05","1.76M","-0.70"
"Mar 07, 2016","86.09","85.48","86.46","85.48","1.40M","-0.12"
"Mar 04, 2016","86.19","85.91","86.36","85.33","1.58M","0.63"
"Mar 03, 2016","85.65","84.85","85.72","84.85","1.70M","0.00"
"Mar 02, 2016","85.65","86.36","86.36","85.01","2.06M","-1.29"
"Mar 01, 2016","86.77","85.62","86.77","85.26","1.58M","2.46"
"Feb 29, 2016","84.69","85.41","86.04","84.67","1.93M","-1.17"
"Feb 27, 2016","85.69","85.69","85.69","85.69","0","0.04"
"Feb 26, 2016","85.66","86.54","86.57","85.22","1.40M","-0.30"
"Feb 25, 2016","85.92","86.11","86.12","84.83","1.43M","0.77"
"Feb 24, 2016","85.26","83.92","85.47","83.09","1.73M","0.48"
"Feb 23, 2016","84.85","86.12","86.48","84.69","1.86M","-1.79"
"Feb 22, 2016","86.40","85.99","86.76","85.94","1.62M","0.98"
"Feb 19, 2016","85.56","84.82","85.69","84.39","2.07M","0.77"
"Feb 18, 2016","84.91","85.48","85.70","84.76","1.56M","-0.49"
"Feb 17, 2016","85.33","84.18","85.44","83.90","1.91M","1.85"
"Feb 16, 2016","83.78","83.05","84.02","82.59","2.07M","2.50"
"Feb 12, 2016","81.74","81.27","81.88","80.57","1.52M","1.91"
"Feb 11, 2016","80.21","79.38","80.55","79.08","2.84M","-0.77"
"Feb 10, 2016","80.83","81.82","82.57","80.59","1.87M","0.20"
"Feb 09, 2016","80.67","80.95","81.83","80.34","2.25M","-0.71"
"Feb 08, 2016","81.25","80.40","81.50","78.98","2.35M","-0.07"
"Feb 05, 2016","81.31","82.80","82.99","80.94","2.25M","-1.80"
"Feb 04, 2016","82.80","82.03","82.90","81.55","1.82M","0.79"
"Feb 03, 2016","82.15","83.12","83.24","80.81","3.05M","-0.02"
"Feb 02, 2016","82.17","82.73","82.95","81.70","3.69M","-0.96"
"Feb 01, 2016","82.97","80.72","83.42","80.54","2.84M","-0.14"
"Jan 29, 2016","83.09","81.52","83.12","81.17","2.84M","2.90"
"Jan 28, 2016","80.75","81.00","81.52","80.49","2.02M","0.34"
"Jan 27, 2016","80.48","80.98","81.83","79.89","1.72M","-0.51"
"Jan 26, 2016","80.89","80.09","81.45","80.05","1.67M","1.00"
"Jan 25, 2016","80.09","80.37","81.01","79.99","1.80M","-1.26"
"Jan 22, 2016","81.11","80.83","81.18","79.81","1.94M","2.35"
"Jan 21, 2016","79.25","78.69","79.98","77.77","2.67M","1.32"
"Jan 20, 2016","78.22","78.09","79.04","76.90","3.06M","-1.13"
"Jan 19, 2016","79.11","78.92","79.46","78.26","2.52M","1.53"
"Jan 15, 2016","77.92","76.84","78.40","76.65","2.97M","-1.35"
"Jan 14, 2016","78.99","77.60","79.51","77.50","2.86M","2.13"
"Jan 13, 2016","77.34","79.34","79.80","77.12","1.86M","-2.68"
"Jan 12, 2016","79.47","78.86","79.50","78.44","1.98M","1.22"
"Jan 11, 2016","78.51","78.45","79.03","77.71","2.13M","0.49"
"Jan 08, 2016","78.13","78.93","79.25","77.80","2.49M","-0.83"
"Jan 07, 2016","78.78","79.64","80.35","78.46","5.03M","-3.05"
"Jan 06, 2016","81.26","81.08","81.71","80.88","1.51M","-1.23"
"Jan 05, 2016","82.27","82.66","83.21","81.81","2.04M","0.24"
"Jan 04, 2016","82.07","82.93","83.19","81.25","2.25M","-3.13"
"Dec 31, 2015","84.72","85.78","86.34","84.55","1.42M","-1.92"
"Dec 30, 2015","86.38","86.74","87.10","86.33","744.49K","-0.53"
"Dec 29, 2015","86.84","86.50","87.25","86.44","975.90K","1.27"
"Dec 28, 2015","85.75","85.45","85.92","85.02","968.01K","-0.22"
"Dec 24, 2015","85.94","85.92","86.32","85.66","640.24K","0.24"
"Dec 23, 2015","85.73","85.39","85.96","84.86","1.06M","1.03"
"Dec 22, 2015","84.86","84.76","85.23","83.66","1.77M","0.86"
"Dec 21, 2015","84.14","83.81","84.19","83.28","1.43M","1.03"
"Dec 18, 2015","83.28","84.13","84.68","83.21","3.88M","-1.80"
"Dec 17, 2015","84.81","86.29","86.73","84.76","1.76M","-1.61"
"Dec 16, 2015","86.20","86.06","86.36","84.73","1.54M","0.85"
"Dec 15, 2015","85.47","85.31","86.07","84.91","1.83M","1.03"
"Dec 14, 2015","84.60","83.66","84.73","83.24","1.54M","1.52"
"Dec 11, 2015","83.33","84.29","84.91","83.14","1.95M","-2.49"
"Dec 10, 2015","85.46","85.08","86.30","84.70","1.75M","0.60"
"Dec 09, 2015","84.95","85.65","86.61","84.48","1.49M","-1.59"
"Dec 08, 2015","86.32","85.78","86.67","85.37","1.66M","-0.32"
"Dec 07, 2015","86.60","87.05","87.37","86.22","1.30M","-0.95"
"Dec 04, 2015","87.43","85.44","87.54","85.44","1.53M","2.55"
"Dec 03, 2015","85.26","86.96","87.14","84.94","1.59M","-1.90"
"Dec 02, 2015","86.91","87.33","87.90","86.81","1.59M","-0.74"
"Dec 01, 2015","87.56","86.81","87.97","86.49","1.39M","1.51"
"Nov 30, 2015","86.26","86.97","87.08","86.18","2.38M","-0.50"
"Nov 27, 2015","86.69","86.48","87.04","86.23","488.81K","0.32"
"Nov 25, 2015","86.41","86.74","86.88","86.36","752.26K","-0.35"
"Nov 24, 2015","86.71","86.99","87.25","85.88","1.10M","-0.73"
"Nov 23, 2015","87.35","87.26","87.63","87.00","1.17M","0.07"
"Nov 20, 2015","87.29","86.94","87.65","86.49","1.80M","1.04"
"Nov 19, 2015","86.39","86.61","86.73","86.26","1.06M","-0.13"
"Nov 18, 2015","86.50","86.28","86.55","85.45","1.39M","0.71"
"Nov 17, 2015","85.89","86.45","86.63","85.58","1.42M","-0.73"
"Nov 16, 2015","86.52","85.16","86.54","85.06","1.13M","1.73"
"Nov 13, 2015","85.05","85.87","86.67","85.00","1.29M","-1.36"
"Nov 12, 2015","86.22","87.00","87.36","86.21","1.19M","-1.10"
"Nov 11, 2015","87.18","87.38","87.95","86.80","1.21M","0.26"
"Nov 10, 2015","86.95","86.47","87.30","86.31","1.55M","0.22"
"Nov 09, 2015","86.76","87.04","87.20","86.20","1.37M","-0.99"
"Nov 06, 2015","87.63","86.71","87.88","86.25","1.69M","0.75"
"Nov 05, 2015","86.98","87.31","87.39","86.50","1.31M","0.02"
"Nov 04, 2015","86.96","87.16","87.39","86.83","1.59M","0.27"
"Nov 03, 2015","86.73","86.88","87.20","86.47","1.71M","-0.30"
"Nov 02, 2015","86.99","86.99","87.46","86.44","1.90M","0.00"
"Oct 30, 2015","86.99","88.36","88.65","86.96","3.04M","-1.55"
"Oct 29, 2015","88.36","87.91","88.53","86.57","2.48M","0.51"
"Oct 28, 2015","87.91","88.32","89.25","86.90","3.40M","-2.68"
"Oct 27, 2015","90.33","90.11","90.38","89.09","2.03M","0.24"
"Oct 26, 2015","90.11","90.23","90.67","89.73","2.30M","-0.46"
"Oct 23, 2015","90.53","90.00","90.60","89.68","1.83M","0.94"
"Oct 22, 2015","89.69","87.93","89.82","87.72","2.10M","2.56"
"Oct 21, 2015","87.45","87.70","88.48","87.32","1.61M","0.03"
"Oct 20, 2015","87.42","87.06","87.62","86.95","1.31M","0.14"
"Oct 19, 2015","87.30","86.57","87.60","86.50","1.44M","0.70"
"Oct 16, 2015","86.69","86.30","86.98","85.92","1.84M","0.84"
"Oct 15, 2015","85.97","85.62","85.97","84.93","1.23M","0.97"
"Oct 14, 2015","85.14","85.30","85.90","84.94","1.23M","-0.02"
"Oct 13, 2015","85.16","85.21","85.71","84.87","1.40M","-0.61"
"Oct 12, 2015","85.68","85.03","85.77","85.03","1.05M","0.52"
"Oct 09, 2015","85.24","85.36","85.99","84.98","2.19M","0.14"
"Oct 08, 2015","85.12","83.56","85.44","83.22","2.13M","1.76"
"Oct 07, 2015","83.65","82.59","83.86","82.59","1.72M","1.47"
"Oct 06, 2015","82.44","82.46","82.91","82.23","1.89M","-0.31"
"Oct 05, 2015","82.70","82.20","83.03","81.89","1.90M","1.65"
"Oct 02, 2015","81.36","79.80","81.38","78.74","2.74M","0.58"
"Oct 01, 2015","80.89","80.91","81.18","80.00","2.21M","0.66"
"Sep 30, 2015","80.36","80.14","80.43","79.29","2.67M","1.61"
"Sep 29, 2015","79.09","78.56","79.28","78.30","2.05M","0.60"
"Sep 28, 2015","78.62","79.98","80.43","78.53","1.84M","-2.09"
"Sep 25, 2015","80.30","80.44","81.47","79.37","2.23M","0.90"
"Sep 24, 2015","79.58","78.61","79.87","78.12","1.79M","0.26"
"Sep 23, 2015","79.37","79.36","79.78","78.87","1.16M","0.23"
"Sep 22, 2015","79.19","78.44","79.31","78.19","1.75M","-0.89"
"Sep 21, 2015","79.90","79.38","80.38","79.06","1.67M","1.13"
"Sep 18, 2015","79.01","78.56","79.99","78.54","3.88M","-0.53"
"Sep 17, 2015","79.43","79.68","80.67","79.21","2.01M","-0.20"
"Sep 16, 2015","79.59","78.93","79.80","78.76","1.74M","0.89"
"Sep 15, 2015","78.89","77.92","79.29","77.70","1.71M","1.45"
"Sep 14, 2015","77.76","78.48","78.74","77.57","1.41M","-0.70"
"Sep 11, 2015","78.31","77.28","78.37","77.21","1.51M","0.50"
"Sep 10, 2015","77.92","77.10","78.78","77.08","2.21M","0.53"
"Sep 09, 2015","77.51","78.49","78.97","77.33","3.02M","-0.88"
"Sep 08, 2015","78.20","77.34","78.25","77.02","1.76M","2.69"
"Sep 04, 2015","76.15","76.24","76.90","75.73","1.86M","-1.81"
"Sep 03, 2015","77.55","77.10","78.09","77.02","1.95M","0.60"
"Sep 02, 2015","77.09","76.45","77.11","75.45","2.69M","2.65"
"Sep 01, 2015","75.10","75.46","76.11","74.66","2.66M","-2.87"
"Aug 31, 2015","77.32","77.86","78.40","77.11","2.36M","-1.39"
"Aug 28, 2015","78.41","77.76","78.80","77.75","2.60M","0.49"
"Aug 27, 2015","78.03","78.32","78.87","76.47","3.00M","0.30"
"Aug 26, 2015","77.80","75.62","77.89","74.96","4.49M","5.82"
"Aug 25, 2015","73.52","78.50","78.61","73.45","3.57M","-3.62"
"Aug 24, 2015","76.28","75.21","77.78","64.29","6.55M","-3.72"
"Aug 21, 2015","79.23","81.84","82.33","79.23","3.10M","-4.21"
"Aug 20, 2015","82.71","83.71","84.01","82.71","2.28M","-2.08"
"Aug 19, 2015","84.47","84.39","85.21","84.05","1.87M","-0.26"
"Aug 18, 2015","84.69","84.32","85.15","84.08","2.62M","-0.01"
"Aug 17, 2015","84.70","82.82","84.77","82.58","3.37M","2.06"
"Aug 14, 2015","82.99","82.16","83.17","81.94","2.02M","0.65"
"Aug 13, 2015","82.45","81.52","82.99","81.32","2.00M","1.10"
"Aug 12, 2015","81.55","80.74","81.70","80.15","1.87M","0.27"
"Aug 11, 2015","81.33","81.26","81.90","80.75","1.94M","-0.33"
"Aug 10, 2015","81.60","81.01","81.96","81.00","2.03M","1.63"
"Aug 07, 2015","80.29","80.18","80.46","79.71","1.16M","-0.01"
"Aug 06, 2015","80.30","81.78","81.88","80.08","1.51M","-1.88"
"Aug 05, 2015","81.84","81.78","82.07","81.00","1.96M","1.44"
"Aug 04, 2015","80.68","80.54","81.39","80.14","2.75M","0.71"
"Aug 03, 2015","80.11","78.59","80.13","78.51","2.29M","0.43"
"Jul 31, 2015","79.77","80.20","80.55","79.31","2.98M","-0.45"
"Jul 30, 2015","80.13","80.00","81.97","78.36","4.69M","-2.68"
"Jul 29, 2015","82.34","80.45","82.51","80.38","2.74M","2.18"
"Jul 28, 2015","80.58","79.76","80.69","79.41","1.54M","1.08"
"Jul 27, 2015","79.72","79.61","79.96","79.22","1.65M","-0.08"
"Jul 24, 2015","79.78","81.03","81.05","79.67","1.94M","-1.43"
"Jul 23, 2015","80.94","81.42","81.53","80.72","1.37M","-0.92"
"Jul 22, 2015","81.69","81.63","82.11","81.46","1.53M","0.34"
"Jul 21, 2015","81.41","82.18","82.28","81.13","1.96M","-0.92"
"Jul 20, 2015","82.17","82.26","82.39","81.92","1.52M","-0.27"
"Jul 17, 2015","82.39","83.01","83.01","82.25","1.85M","-0.62"
"Jul 16, 2015","82.90","82.89","83.03","82.32","1.55M","0.48"
"Jul 15, 2015","82.50","81.95","82.56","81.50","2.39M","0.74"
"Jul 14, 2015","81.89","81.72","82.01","81.48","1.39M","0.20"
"Jul 13, 2015","81.73","81.85","82.30","81.64","1.34M","0.26"
"Jul 10, 2015","81.52","81.86","81.87","81.08","1.37M","1.03"
"Jul 09, 2015","80.69","81.15","81.41","80.65","1.59M","0.82"
"Jul 08, 2015","80.03","80.72","80.80","79.98","1.62M","-1.28"
"Jul 07, 2015","81.07","80.97","81.24","79.85","1.75M","0.30"
"Jul 06, 2015","80.83","80.00","80.94","80.00","1.50M","0.00"
"Jul 02, 2015","80.83","81.23","81.26","80.35","1.79M","-0.07"
"Jul 01, 2015","80.89","79.51","81.19","79.51","1.82M","0.82"
"Jun 30, 2015","80.23","81.39","81.66","79.80","2.69M","-0.84"
"Jun 29, 2015","80.91","82.80","82.80","80.85","1.77M","-2.88"
"Jun 26, 2015","83.31","83.78","83.84","83.03","2.89M","-0.05"
"Jun 25, 2015","83.35","83.71","83.89","83.22","1.20M","-0.33"
"Jun 24, 2015","83.63","84.64","84.76","83.60","1.55M","-1.34"
"Jun 23, 2015","84.77","85.29","85.29","84.53","958.82K","-0.27"
"Jun 22, 2015","85.00","84.61","85.46","84.61","1.40M","0.70"
"Jun 19, 2015","84.41","84.45","84.68","83.93","2.91M","-0.20"
"Jun 18, 2015","84.58","83.62","84.80","83.37","1.56M","1.56"
"Jun 17, 2015","83.28","83.61","83.75","82.77","1.13M","0.00"
"Jun 16, 2015","83.28","82.84","83.41","82.52","1.50M","0.43"
"Jun 15, 2015","82.92","83.25","83.44","82.43","1.68M","-1.11"
"Jun 12, 2015","83.85","84.15","84.45","83.65","1.14M","-0.91"
"Jun 11, 2015","84.62","84.50","84.89","84.20","1.44M","0.53"
"Jun 10, 2015","84.17","82.96","84.64","82.84","1.63M","1.21"
"Jun 09, 2015","83.16","83.37","83.60","82.86","1.57M","-0.41"
"Jun 08, 2015","83.50","83.94","84.49","83.41","1.53M","-0.90"
"Jun 05, 2015","84.26","84.10","84.57","83.23","1.35M","0.21"
"Jun 04, 2015","84.08","84.93","85.32","83.93","1.69M","-1.63"
"Jun 03, 2015","85.47","85.77","85.88","85.12","1.74M","0.02"
"Jun 02, 2015","85.45","84.77","85.68","84.34","2.03M","0.18"
"Jun 01, 2015","85.30","85.70","85.98","84.51","1.62M","-0.25"
"May 29, 2015","85.51","85.96","86.00","85.08","2.19M","-0.54"
"May 28, 2015","85.97","85.87","86.29","85.61","1.30M","0.07"
"May 27, 2015","85.91","85.46","86.03","85.28","2.02M","0.57"
"May 26, 2015","85.42","86.55","86.82","85.22","1.87M","-1.61"
"May 22, 2015","86.82","87.19","87.44","86.81","1.50M","-0.52"
"May 21, 2015","87.27","87.36","87.62","87.08","1.52M","-0.18"
"May 20, 2015","87.43","88.06","88.06","87.42","1.77M","-0.53"
"May 19, 2015","87.90","87.80","88.12","87.42","1.88M","0.48"
"May 18, 2015","87.48","87.37","87.81","87.01","1.59M","-0.33"
"May 15, 2015","87.77","88.25","88.40","87.51","1.61M","-0.25"
"May 14, 2015","87.99","86.97","88.03","86.52","1.89M","1.95"
"May 13, 2015","86.31","86.65","87.26","86.20","1.95M","-0.52"
"May 12, 2015","86.76","86.84","87.20","85.85","1.55M","-0.52"
"May 11, 2015","87.21","87.28","87.72","87.06","1.70M","-0.16"
"May 08, 2015","87.35","86.82","87.81","86.77","1.47M","1.22"
"May 07, 2015","86.30","85.62","86.59","84.98","1.66M","1.04"
"May 06, 2015","85.41","85.72","86.17","84.79","1.61M","-0.23"
"May 05, 2015","85.61","86.56","86.56","85.15","1.53M","-1.03"
"May 04, 2015","86.50","86.46","86.99","86.12","1.99M","0.55"
"May 01, 2015","86.03","84.53","86.28","84.52","2.09M","1.76"
"Apr 30, 2015","84.54","85.22","86.00","84.32","2.19M","-1.00"
"Apr 29, 2015","85.39","85.08","85.94","84.76","1.91M","-0.26"
"Apr 28, 2015","85.61","84.80","85.64","84.37","1.64M","1.07"
"Apr 27, 2015","84.70","85.42","85.46","84.52","1.47M","-0.35"
"Apr 24, 2015","85.00","85.65","85.65","84.32","1.19M","-0.90"
"Apr 23, 2015","85.77","85.12","86.10","85.02","1.00M","0.54"
"Apr 22, 2015","85.31","85.14","85.49","84.61","993.56K","0.25"
"Apr 21, 2015","85.10","85.16","86.12","84.80","1.55M","0.35"
"Apr 20, 2015","84.80","83.84","84.91","83.60","1.41M","1.52"
"Apr 17, 2015","83.53","84.64","85.01","83.30","1.97M","-2.17"
"Apr 16, 2015","85.38","85.56","85.75","85.25","1.46M","-0.44"
"Apr 15, 2015","85.76","85.90","86.08","85.61","1.48M","0.16"
"Apr 14, 2015","85.62","85.74","86.14","85.20","1.37M","-0.35"
"Apr 13, 2015","85.92","86.12","86.70","85.76","1.33M","-0.49"
"Apr 10, 2015","86.34","86.76","86.79","86.16","1.86M","-0.30"
"Apr 09, 2015","86.60","86.45","86.74","85.67","1.16M","0.03"
"Apr 08, 2015","86.57","85.69","86.70","85.53","1.33M","0.83"
"Apr 07, 2015","85.86","86.23","86.63","85.82","1.04M","-0.45"
"Apr 06, 2015","86.25","85.66","86.66","85.42","1.45M","0.38"
"Apr 02, 2015","85.92","85.85","86.58","85.47","1.70M","0.77"
"Apr 01, 2015","85.26","85.73","85.73","84.33","1.50M","-0.44"
"Mar 31, 2015","85.64","85.35","86.34","85.18","1.68M","-0.29"
"Mar 30, 2015","85.89","84.96","86.17","84.92","1.14M","1.49"
"Mar 27, 2015","84.63","84.34","84.91","84.20","1.42M","0.26"
"Mar 26, 2015","84.41","84.26","84.77","83.91","1.60M","-0.39"
"Mar 25, 2015","84.74","87.13","87.16","84.74","1.71M","-2.56"
"Mar 24, 2015","86.97","87.15","87.60","86.96","1.17M","-0.39"
"Mar 23, 2015","87.31","88.02","88.02","87.29","1.59M","-0.52"
"Mar 20, 2015","87.77","87.80","88.00","87.48","4.12M","0.46"
"Mar 19, 2015","87.37","87.38","87.79","87.27","2.14M","0.02"
"Mar 18, 2015","87.35","86.63","87.76","85.56","1.93M","0.82"
"Mar 17, 2015","86.64","86.91","87.32","86.56","1.99M","-0.81"
"Mar 16, 2015","87.35","86.52","87.53","86.20","1.66M","1.71"
"Mar 13, 2015","85.88","86.09","86.47","85.32","1.65M","-0.59"
"Mar 12, 2015","86.39","85.41","86.49","85.12","1.19M","1.66"
"Mar 11, 2015","84.98","84.99","85.44","84.64","1.72M","-0.20"
"Mar 10, 2015","85.15","86.06","86.31","85.15","1.92M","-1.95"
"Mar 09, 2015","86.84","86.40","87.00","85.86","1.48M","0.98"
"Mar 06, 2015","86.00","86.33","86.97","85.84","2.01M","-0.86"
"Mar 05, 2015","86.75","86.59","86.91","86.26","2.73M","0.20"
"Mar 04, 2015","86.58","88.25","88.30","86.52","3.31M","-2.39"
"Mar 03, 2015","88.70","89.55","89.99","88.33","3.01M","-1.64"
"Mar 02, 2015","90.18","88.88","90.23","88.58","1.77M","1.51"
"Feb 27, 2015","88.84","88.85","89.44","88.45","1.82M","0.00"
"Feb 26, 2015","88.84","89.19","89.25","88.61","1.43M","-0.26"
"Feb 25, 2015","89.07","89.33","89.70","88.79","1.62M","-0.21"
"Feb 24, 2015","89.26","89.17","89.38","88.51","1.42M","0.10"
"Feb 23, 2015","89.17","88.73","89.24","88.23","1.80M","0.54"
"Feb 20, 2015","88.69","87.81","88.75","87.04","2.01M","1.09"
"Feb 19, 2015","87.73","87.61","87.83","86.86","1.57M","0.16"
"Feb 18, 2015","87.59","86.60","87.73","86.60","1.76M","0.55"
"Feb 17, 2015","87.11","87.76","88.07","86.55","3.99M","-1.85"
"Feb 13, 2015","88.75","87.95","88.75","87.78","1.94M","1.14"
"Feb 12, 2015","87.75","87.20","87.79","86.98","1.87M","1.07"
"Feb 11, 2015","86.82","86.71","87.23","86.30","1.82M","0.35"
"Feb 10, 2015","86.52","86.19","86.75","85.65","2.55M","0.59"
"Feb 09, 2015","86.01","86.01","86.49","85.74","1.70M","-0.50"
"Feb 06, 2015","86.44","87.15","87.35","86.23","2.39M","-0.84"
"Feb 05, 2015","87.17","86.43","87.19","85.89","2.15M","0.68"
"Feb 04, 2015","86.58","87.14","87.18","85.67","3.66M","1.69"
"Feb 03, 2015","85.14","84.18","85.36","83.51","3.45M","2.04"
"Feb 02, 2015","83.44","81.82","83.50","81.71","2.81M","1.10"
"Jan 30, 2015","82.53","83.96","84.24","82.47","4.08M","-2.16"
"Jan 29, 2015","84.35","84.45","84.82","83.50","2.97M","-0.21"
"Jan 28, 2015","84.53","85.86","86.30","84.46","2.14M","-1.28"
"Jan 27, 2015","85.63","85.71","86.44","84.78","1.70M","-1.09"
"Jan 26, 2015","86.57","86.25","86.89","85.49","1.53M","-0.32"
"Jan 23, 2015","86.85","86.65","87.18","86.39","2.09M","0.28"
"Jan 22, 2015","86.61","85.00","86.79","84.00","1.98M","2.42"
"Jan 21, 2015","84.56","84.56","85.15","84.10","1.73M","-0.48"
"Jan 20, 2015","84.97","84.83","85.22","83.79","1.57M","0.47"
"Jan 16, 2015","84.57","83.56","84.64","83.16","2.26M","1.04"
"Jan 15, 2015","83.70","83.87","84.34","83.33","1.43M","-0.04"
"Jan 14, 2015","83.73","83.08","83.99","82.97","1.79M","-0.30"
"Jan 13, 2015","83.98","84.80","85.50","83.29","1.92M","-0.19"
"Jan 12, 2015","84.14","84.72","85.04","83.81","1.33M","-0.50"
"Jan 09, 2015","84.56","85.05","85.19","84.11","1.75M","-0.72"
"Jan 08, 2015","85.17","83.96","85.18","83.64","3.36M","2.29"
"Jan 07, 2015","83.26","82.22","83.32","81.80","2.08M","0.88"
"Jan 06, 2015","82.53","83.30","83.74","81.96","2.57M","-0.84"
"Jan 05, 2015","83.23","83.25","84.44","82.95","3.27M","-0.07"
"Jan 02, 2015","83.29","82.98","84.18","82.52","1.87M","-0.10"
"Dec 31, 2014","83.37","84.38","84.87","83.36","1.81M","-0.88"
"Dec 30, 2014","84.11","84.74","84.91","84.01","1.43M","-0.90"
"Dec 29, 2014","84.87","85.02","85.24","84.82","1.24M","-0.39"
"Dec 26, 2014","85.20","85.57","85.91","85.13","1.01M","-0.05"
"Dec 24, 2014","85.24","85.13","85.61","85.03","1.06M","0.08"
"Dec 23, 2014","85.17","86.31","86.47","85.14","2.34M","-0.62"
"Dec 22, 2014","85.70","84.72","85.72","84.61","1.67M","1.17"
"Dec 19, 2014","84.71","85.45","86.15","84.66","4.23M","-1.13"
"Dec 18, 2014","85.68","85.87","85.94","85.03","3.54M","1.17"
"Dec 17, 2014","84.69","82.62","84.86","82.62","1.91M","2.15"
"Dec 16, 2014","82.91","82.77","84.07","82.43","1.99M","0.16"
"Dec 15, 2014","82.78","82.81","83.42","82.04","1.85M","0.34"
"Dec 12, 2014","82.50","83.47","84.65","82.50","2.42M","-2.48"
"Dec 11, 2014","84.60","85.53","85.57","84.43","1.98M","0.56"
"Dec 10, 2014","84.13","84.56","85.54","83.98","2.02M","-1.31"
"Dec 09, 2014","85.25","85.18","85.59","84.36","1.94M","-0.40"
"Dec 08, 2014","85.59","85.36","86.01","85.05","1.67M","-0.27"
"Dec 05, 2014","85.82","85.79","85.92","85.11","1.79M","-0.28"
"Dec 04, 2014","86.06","86.06","86.42","85.73","1.55M","0.14"
"Dec 03, 2014","85.94","85.49","86.00","84.99","1.88M","0.16"
"Dec 02, 2014","85.80","86.45","86.54","85.62","1.68M","-0.31"
"Dec 01, 2014","86.07","85.18","86.50","85.00","2.05M","0.50"
"Nov 28, 2014","85.64","85.26","86.26","84.81","1.27M","0.92"
"Nov 26, 2014","84.86","84.72","84.96","84.36","2.00M","0.40"
"Nov 25, 2014","84.52","84.69","85.07","84.49","1.85M","-0.31"
"Nov 24, 2014","84.78","84.51","84.92","84.43","2.30M","0.76"
"Nov 21, 2014","84.14","85.22","85.22","83.81","2.69M","0.04"
"Nov 20, 2014","84.11","84.28","84.42","83.60","2.51M","-0.19"
"Nov 19, 2014","84.27","84.79","84.79","84.06","2.36M","-0.57"
"Nov 18, 2014","84.75","84.85","85.12","84.45","1.81M","-0.11"
"Nov 17, 2014","84.84","84.70","85.08","84.54","1.53M","0.11"
"Nov 14, 2014","84.75","85.41","85.53","84.46","1.85M","-0.77"
"Nov 13, 2014","85.41","85.43","85.89","84.98","1.45M","0.25"
"Nov 12, 2014","85.20","84.77","85.54","84.63","1.52M","0.29"
"Nov 11, 2014","84.95","85.09","85.32","84.64","1.27M","-0.20"
"Nov 10, 2014","85.12","84.31","85.28","84.06","1.61M","0.88"
"Nov 07, 2014","84.38","84.87","84.98","83.68","2.44M","-0.44"
"Nov 06, 2014","84.75","84.66","85.10","84.15","2.13M","0.53"
"Nov 05, 2014","84.30","83.78","84.38","83.33","2.33M","1.38"
"Nov 04, 2014","83.15","82.35","83.36","82.00","2.51M","1.72"
"Nov 03, 2014","81.74","81.50","82.47","81.48","2.71M","-0.05"
"Oct 31, 2014","81.78","80.61","81.99","79.86","3.71M","3.58"
"Oct 30, 2014","78.95","77.89","79.39","77.30","2.11M","1.32"
"Oct 29, 2014","77.92","77.09","78.10","76.93","1.36M","0.85"
"Oct 28, 2014","77.26","76.94","77.32","76.22","2.31M","1.03"
"Oct 27, 2014","76.47","76.25","76.60","75.95","1.10M","0.35"
"Oct 24, 2014","76.20","75.78","76.25","75.47","1.13M","1.01"
"Oct 23, 2014","75.44","75.75","76.20","75.22","1.46M","1.11"
"Oct 22, 2014","74.61","75.01","75.18","74.56","1.42M","-0.27"
"Oct 21, 2014","74.81","73.63","74.89","73.25","1.57M","1.99"
"Oct 20, 2014","73.35","72.54","73.39","72.35","2.13M","0.92"
"Oct 17, 2014","72.68","72.51","72.98","71.51","1.70M","1.47"
"Oct 16, 2014","71.63","70.79","72.15","70.69","2.18M","-0.21"
"Oct 15, 2014","71.78","72.00","72.34","70.50","2.48M","-1.18"
"Oct 14, 2014","72.64","72.56","72.98","72.25","2.09M","0.96"
"Oct 13, 2014","71.95","72.82","73.12","71.93","2.06M","-0.98"
"Oct 10, 2014","72.66","73.25","73.82","72.65","2.40M","-0.72"
"Oct 09, 2014","73.19","74.80","74.95","73.16","1.97M","-2.13"
"Oct 08, 2014","74.78","73.50","74.98","73.26","2.08M","1.71"
"Oct 07, 2014","73.52","74.34","74.50","73.48","2.23M","-1.34"
"Oct 06, 2014","74.52","74.96","75.04","74.29","2.92M","-0.44"
"Oct 03, 2014","74.85","73.56","75.04","73.55","4.48M","3.24"
"Oct 02, 2014","72.50","71.71","72.63","71.51","3.01M","1.51"
"Oct 01, 2014","71.42","73.03","73.08","71.41","3.54M","-2.00"
"Sep 30, 2014","72.88","73.11","73.21","72.55","2.36M","0.32"
"Sep 29, 2014","72.65","71.99","72.73","71.86","1.69M","0.28"
"Sep 26, 2014","72.45","72.15","72.60","71.76","1.66M","0.28"
"Sep 25, 2014","72.25","73.35","73.35","72.22","1.73M","-1.87"
"Sep 24, 2014","73.63","72.39","73.74","72.28","1.36M","1.60"
"Sep 23, 2014","72.47","72.76","72.89","72.45","1.25M","-0.58"
"Sep 22, 2014","72.89","73.18","73.49","72.61","1.24M","-0.95"
"Sep 19, 2014","73.59","74.17","74.29","73.30","2.37M","-0.37"
"Sep 18, 2014","73.86","73.24","73.96","73.09","1.61M","1.01"
"Sep 17, 2014","73.12","73.23","73.26","72.65","1.43M","-0.07"
"Sep 16, 2014","73.17","72.43","73.30","72.43","1.39M","-0.07"
"Sep 15, 2014","73.22","72.76","73.35","72.42","1.24M","0.54"
"Sep 12, 2014","72.83","73.04","73.15","72.23","1.69M","-0.22"
"Sep 11, 2014","72.99","73.08","73.17","72.54","1.35M","-0.49"
"Sep 10, 2014","73.35","73.09","73.38","72.74","1.28M","0.00"
"Sep 09, 2014","73.35","73.56","73.73","73.21","1.00M","-0.57"
"Sep 08, 2014","73.77","73.61","74.11","73.46","860.55K","-0.30"
"Sep 05, 2014","73.99","73.42","74.02","73.36","1.20M","0.64"
"Sep 04, 2014","73.52","73.40","74.08","73.37","883.66K","0.03"
"Sep 03, 2014","73.50","73.77","73.83","73.34","1.06M","0.11"
"Sep 02, 2014","73.42","73.41","73.64","73.05","1.21M","0.26"
"Aug 29, 2014","73.23","73.65","73.65","72.73","1.56M","-0.03"
"Aug 28, 2014","73.25","72.84","73.44","72.84","832.29K","-0.20"
"Aug 27, 2014","73.40","73.47","73.66","73.19","863.27K","-0.18"
"Aug 26, 2014","73.53","73.34","73.89","73.18","1.07M","0.23"
"Aug 25, 2014","73.36","73.37","73.64","73.05","845.33K","0.16"
"Aug 22, 2014","73.24","73.73","73.87","73.06","914.52K","-0.48"
"Aug 21, 2014","73.59","73.31","73.75","73.05","810.96K","0.38"
"Aug 20, 2014","73.31","73.13","73.41","72.63","1.08M","0.16"
"Aug 19, 2014","73.19","72.82","73.30","72.77","841.19K","0.22"
"Aug 18, 2014","73.03","72.48","73.10","72.38","941.48K","1.19"
"Aug 15, 2014","72.17","72.94","72.94","71.65","1.66M","-0.15"
"Aug 14, 2014","72.28","73.50","73.50","71.66","795.07K","0.47"
"Aug 13, 2014","71.94","71.71","72.00","71.21","1.06M","0.90"
"Aug 12, 2014","71.30","71.16","71.66","71.00","1.02M","-0.08"
"Aug 11, 2014","71.36","71.24","71.71","71.20","983.64K","0.28"
"Aug 08, 2014","71.16","70.36","71.30","70.36","1.29M","1.31"
"Aug 07, 2014","70.24","70.78","71.03","70.01","1.32M","-0.37"
"Aug 06, 2014","70.50","70.55","70.77","70.30","1.04M","-0.14"
"Aug 05, 2014","70.60","71.26","71.26","70.32","1.54M","-0.90"
"Aug 04, 2014","71.24","71.34","71.50","70.70","2.12M","-0.41"
"Aug 01, 2014","71.53","70.94","71.79","70.94","1.69M","0.28"
"Jul 31, 2014","71.33","72.14","72.37","71.00","1.64M","-1.03"
"Jul 30, 2014","72.07","72.23","72.34","71.68","1.67M","0.35"
"Jul 29, 2014","71.82","72.50","72.54","71.82","1.32M","-0.76"
"Jul 28, 2014","72.37","72.35","72.47","71.86","882.53K","-0.14"
"Jul 25, 2014","72.47","72.39","72.48","71.97","1.20M","0.22"
"Jul 24, 2014","72.31","71.59","72.38","71.58","1.27M","0.72"
"Jul 23, 2014","71.79","71.55","71.83","71.31","1.04M","0.18"
"Jul 22, 2014","71.66","71.20","71.75","71.08","833.30K","0.87"
"Jul 21, 2014","71.04","70.70","71.12","70.54","1.00M","-0.07"
"Jul 18, 2014","71.09","70.56","71.19","70.20","1.39M","1.34"
"Jul 17, 2014","70.15","70.22","70.65","70.06","1.07M","-0.67"
"Jul 16, 2014","70.62","70.75","70.78","70.46","984.82K","0.20"
"Jul 15, 2014","70.48","70.49","70.80","70.08","930.28K","0.00"
"Jul 14, 2014","70.48","70.52","70.62","70.32","801.57K","0.26"
"Jul 11, 2014","70.30","70.42","70.44","69.85","1.07M","-0.01"
"Jul 10, 2014","70.31","70.88","70.88","69.98","953.23K","-0.40"
"Jul 09, 2014","70.59","70.77","70.81","70.35","943.48K","0.00"
"Jul 08, 2014","70.59","70.50","70.88","70.29","1.51M","0.03"
"Jul 07, 2014","70.57","70.34","70.64","70.27","1.10M","-0.18"
"Jul 03, 2014","70.70","70.18","70.72","70.18","775.45K","0.47"
"Jul 02, 2014","70.37","70.19","70.49","69.84","1.40M","-0.20"
"Jul 01, 2014","70.51","69.85","70.67","69.48","1.64M","1.38"
"Jun 30, 2014","69.55","69.42","69.73","69.15","1.12M","-0.26"
"Jun 27, 2014","69.73","69.36","69.79","69.18","1.36M","0.48"
"Jun 26, 2014","69.40","69.55","69.55","68.98","878.11K","-0.17"
"Jun 25, 2014","69.52","69.09","69.69","68.96","1.04M","0.23"
"Jun 24, 2014","69.36","69.44","69.85","69.17","1.04M","-0.20"
"Jun 23, 2014","69.50","69.62","69.82","69.18","921.18K","-0.29"
"Jun 20, 2014","69.70","69.18","69.88","68.87","3.50M","1.26"
"Jun 19, 2014","68.83","69.20","69.23","68.73","1.65M","-0.19"
"Jun 18, 2014","68.96","68.62","69.04","68.36","2.24M","0.50"
"Jun 17, 2014","68.62","68.85","69.15","68.61","1.95M","-0.55"
"Jun 16, 2014","69.00","68.84","69.42","68.82","1.03M","-0.20"
"Jun 13, 2014","69.14","68.90","69.36","68.65","1.08M","0.71"
"Jun 12, 2014","68.65","68.50","68.98","68.38","1.17M","-0.36"
"Jun 11, 2014","68.90","68.95","69.27","68.51","1.60M","-1.09"
"Jun 10, 2014","69.66","69.94","70.51","69.63","1.98M","-0.74"
"Jun 09, 2014","70.18","69.81","70.29","69.77","1.28M","0.49"
"Jun 06, 2014","69.84","69.45","69.89","69.13","1.41M","1.16"
"Jun 05, 2014","69.04","69.12","69.16","68.44","1.52M","-0.17"
"Jun 04, 2014","69.16","68.72","69.16","68.50","2.33M","0.16"
"Jun 03, 2014","69.05","69.23","69.64","68.90","2.30M","-0.85"
"Jun 02, 2014","69.64","69.87","70.11","69.44","980.44K","-0.37"
"May 30, 2014","69.90","69.96","70.08","69.63","2.22M","0.14"
"May 29, 2014","69.80","69.46","69.80","69.22","1.06M","0.88"
"May 28, 2014","69.19","69.94","70.00","69.14","1.25M","-0.55"
"May 27, 2014","69.57","69.31","69.57","69.18","1.17M","0.58"
"May 23, 2014","69.17","68.71","69.20","68.55","968.45K","0.98"
"May 22, 2014","68.50","68.33","68.67","68.01","994.02K","0.47"
"May 21, 2014","68.18","68.49","68.49","67.92","1.30M","0.21"
"May 20, 2014","68.04","68.56","68.56","67.88","1.65M","-0.63"
"May 19, 2014","68.47","68.01","68.53","67.87","1.12M","0.31"
"May 16, 2014","68.26","67.47","68.29","67.07","1.83M","1.38"
"May 15, 2014","67.33","68.30","68.43","67.08","2.11M","-1.72"
"May 14, 2014","68.51","69.32","69.39","68.38","1.00M","-1.04"
"May 13, 2014","69.23","69.22","69.41","68.95","1.24M","0.03"
"May 12, 2014","69.21","68.42","69.41","68.42","1.32M","1.05"
"May 09, 2014","68.49","68.09","68.65","68.00","1.35M","0.28"
"May 08, 2014","68.30","67.83","68.58","67.67","1.84M","0.52"
"May 07, 2014","67.95","67.77","68.01","67.08","2.11M","0.52"
"May 06, 2014","67.60","67.94","68.08","67.52","1.69M","-1.04"
"May 05, 2014","68.31","67.80","68.38","67.33","1.22M","0.43"
"May 02, 2014","68.02","68.16","68.60","67.81","1.76M","-0.10"
"May 01, 2014","68.09","68.40","68.66","67.87","1.29M","-0.44"
"Apr 30, 2014","68.39","66.72","68.73","66.71","2.14M","1.26"
"Apr 29, 2014","67.54","66.81","67.66","66.69","1.89M","1.73"
"Apr 28, 2014","66.39","66.71","67.14","65.79","2.12M","0.03"
"Apr 25, 2014","66.37","66.88","67.27","66.23","1.44M","-1.26"
"Apr 24, 2014","67.22","67.41","67.57","66.95","1.53M","0.43"
"Apr 23, 2014","66.93","66.55","67.15","66.55","1.39M","-0.04"
"Apr 22, 2014","66.96","66.79","67.21","66.46","1.19M","0.34"
"Apr 21, 2014","66.73","66.47","67.06","66.47","926.15K","-0.31"
"Apr 17, 2014","66.94","66.01","67.07","65.97","2.04M","1.16"
"Apr 16, 2014","66.17","66.41","66.41","65.52","1.93M","0.46"
"Apr 15, 2014","65.87","65.18","65.91","64.74","2.11M","1.14"
"Apr 14, 2014","65.13","65.28","65.42","64.37","1.98M","0.70"
"Apr 11, 2014","64.68","65.51","66.05","64.65","2.73M","-1.99"
"Apr 10, 2014","65.99","68.50","68.54","65.99","3.73M","-0.87"
"Apr 09, 2014","66.57","66.21","66.64","65.85","1.59M","0.42"
"Apr 08, 2014","66.29","66.20","66.62","65.93","1.66M","0.39"
"Apr 07, 2014","66.03","66.65","66.84","65.81","1.71M","-0.72"
"Apr 04, 2014","66.51","68.23","68.23","66.47","2.02M","-2.00"
"Apr 03, 2014","67.87","68.41","68.43","67.57","1.19M","-0.40"
"Apr 02, 2014","68.14","67.91","68.33","67.78","1.67M","0.22"
"Apr 01, 2014","67.99","67.59","68.01","67.23","1.77M","0.31"
"Mar 31, 2014","67.78","67.67","68.09","67.36","1.45M","0.40"
"Mar 28, 2014","67.51","67.56","68.14","67.17","1.32M","0.37"
"Mar 27, 2014","67.26","66.72","67.30","66.28","2.16M","0.61"
"Mar 26, 2014","66.85","67.64","67.77","66.85","1.42M","-0.62"
"Mar 25, 2014","67.27","67.28","67.85","66.93","1.60M","0.30"
"Mar 24, 2014","67.07","68.30","68.43","66.81","1.96M","-1.67"
"Mar 21, 2014","68.21","69.59","69.65","67.99","4.64M","-0.76"
"Mar 20, 2014","68.73","68.30","68.88","68.13","1.18M","0.07"
"Mar 19, 2014","68.68","69.37","69.37","68.25","1.38M","-0.89"
"Mar 18, 2014","69.30","68.75","69.34","68.67","1.76M","0.64"
"Mar 17, 2014","68.86","68.36","68.87","68.17","2.59M","1.22"
"Mar 14, 2014","68.03","68.02","68.26","67.38","2.31M","0.73"
"Mar 13, 2014","67.54","68.23","68.39","67.28","2.77M","-0.90"
"Mar 12, 2014","68.15","67.79","68.22","67.55","1.67M","-0.28"
"Mar 11, 2014","68.34","68.73","68.83","68.08","1.37M","-0.39"
"Mar 10, 2014","68.61","68.94","69.06","68.23","1.70M","-0.45"
"Mar 07, 2014","68.92","68.82","69.24","68.55","1.61M","0.69"
"Mar 06, 2014","68.45","68.32","68.63","68.11","1.34M","0.40"
"Mar 05, 2014","68.18","68.43","68.59","67.97","1.66M","-0.93"
"Mar 04, 2014","68.82","68.16","68.88","68.04","2.58M","2.32"
"Mar 03, 2014","67.26","67.59","67.72","66.96","1.75M","-1.42"
"Feb 28, 2014","68.23","68.32","68.84","67.73","2.35M","0.07"
"Feb 27, 2014","68.18","67.65","68.34","67.64","2.01M","0.38"
"Feb 26, 2014","67.92","67.94","68.01","67.38","2.29M","0.53"
"Feb 25, 2014","67.56","67.53","67.75","66.92","1.56M","0.28"
"Feb 24, 2014","67.37","66.94","67.97","66.85","1.73M","0.78"
"Feb 21, 2014","66.85","67.36","67.54","66.78","1.96M","-0.40"
"Feb 20, 2014","67.12","66.88","67.45","66.55","1.25M","0.48"
"Feb 19, 2014","66.80","66.71","67.51","66.59","1.61M","-0.45"
"Feb 18, 2014","67.10","67.07","67.17","66.46","1.79M","0.28"
"Feb 14, 2014","66.91","66.45","67.10","66.06","1.71M","0.07"
"Feb 13, 2014","66.86","66.01","66.92","65.97","2.03M","0.84"
"Feb 12, 2014","66.30","66.30","66.58","65.62","4.03M","1.22"
"Feb 11, 2014","65.50","65.02","65.71","64.93","2.52M","0.29"
"Feb 10, 2014","65.31","66.22","66.33","64.77","2.01M","-0.59"
"Feb 07, 2014","65.70","65.27","65.76","64.87","1.70M","0.94"
"Feb 06, 2014","65.09","64.44","65.21","64.13","2.36M","0.90"
"Feb 05, 2014","64.51","66.95","66.95","63.77","2.87M","-1.89"
"Feb 04, 2014","65.75","68.36","68.36","63.08","3.91M","1.17"
"Feb 03, 2014","64.99","67.21","67.36","64.73","3.18M","-3.29"
"Jan 31, 2014","67.20","66.67","67.67","66.62","1.86M","-0.90"
"Jan 30, 2014","67.81","67.51","68.11","66.98","1.40M","1.00"
"Jan 29, 2014","67.14","67.06","67.76","66.83","1.64M","-0.65"
"Jan 28, 2014","67.58","67.01","67.73","66.85","1.56M","0.70"
"Jan 27, 2014","67.11","66.98","68.01","66.98","1.74M","-0.61"
"Jan 24, 2014","67.52","69.14","69.15","67.51","2.14M","-2.96"
"Jan 23, 2014","69.58","71.87","72.37","69.18","1.43M","-1.32"
"Jan 22, 2014","70.51","70.54","70.81","70.22","1.30M","0.07"
"Jan 21, 2014","70.46","70.55","70.88","70.01","1.45M","0.43"
"Jan 17, 2014","70.16","69.76","70.48","69.69","2.74M","0.21"
"Jan 16, 2014","70.01","70.22","70.41","69.93","1.05M","-0.36"
"Jan 15, 2014","70.26","70.18","70.74","69.93","2.03M","0.17"
"Jan 14, 2014","70.14","69.58","70.21","69.25","1.61M","1.14"
"Jan 13, 2014","69.35","70.43","70.47","69.16","2.09M","-1.62"
"Jan 10, 2014","70.49","71.11","71.16","70.15","1.47M","-0.34"
"Jan 09, 2014","70.73","72.81","72.81","70.65","1.44M","0.34"
"Jan 08, 2014","70.49","70.44","70.83","70.10","1.87M","-0.54"
"Jan 07, 2014","70.87","70.16","71.08","70.08","1.38M","1.23"
"Jan 06, 2014","70.01","70.72","71.03","69.65","1.54M","-1.14"
"Jan 03, 2014","70.82","70.37","71.38","70.18","1.95M","1.08"
"Jan 02, 2014","70.06","70.33","70.58","69.64","1.97M","-1.16"
"Dec 31, 2013","70.88","71.27","71.54","70.75","1.10M","-0.35"
"Dec 30, 2013","71.13","70.90","71.15","70.63","718.69K","0.45"
"Dec 27, 2013","70.81","71.02","71.18","70.67","723.03K","-0.04"
"Dec 26, 2013","70.84","70.58","70.94","70.30","875.28K","0.67"
"Dec 24, 2013","70.37","69.99","70.44","69.83","599.58K","0.34"
"Dec 23, 2013","70.13","70.45","70.53","69.94","1.43M","-0.04"
"Dec 20, 2013","70.16","69.67","70.39","69.29","3.55M","0.69"
"Dec 19, 2013","69.68","69.61","70.05","69.19","2.48M","0.43"
"Dec 18, 2013","69.38","68.18","69.44","67.65","2.86M","2.38"
"Dec 17, 2013","67.77","67.37","68.01","67.22","1.71M","-0.34"
"Dec 16, 2013","68.00","68.01","68.40","67.72","1.36M","0.64"
"Dec 13, 2013","67.57","68.13","68.23","67.53","1.65M","-0.16"
"Dec 12, 2013","67.68","67.73","68.21","67.64","2.99M","-0.37"
"Dec 11, 2013","67.93","68.69","68.91","67.74","2.91M","-1.36"
"Dec 10, 2013","68.87","69.18","69.35","68.74","2.00M","-0.63"
"Dec 09, 2013","69.31","69.92","69.98","68.92","2.38M","-0.82"
"Dec 06, 2013","69.88","69.70","69.98","69.42","1.87M","1.44"
"Dec 05, 2013","68.89","69.26","69.77","68.78","2.22M","-1.01"
"Dec 04, 2013","69.59","70.08","70.30","69.08","1.86M","-1.26"
"Dec 03, 2013","70.48","70.49","70.90","69.92","2.85M","0.97"
"Dec 02, 2013","69.80","70.14","70.30","69.69","1.37M","-0.57"
"Nov 29, 2013","70.20","70.34","70.75","70.16","835.02K","-0.38"
"Nov 27, 2013","70.47","70.44","70.63","70.15","1.06M","0.03"
"Nov 26, 2013","70.45","72.97","73.53","70.01","2.32M","0.23"
"Nov 25, 2013","70.29","70.18","70.53","70.13","1.69M","0.14"
"Nov 22, 2013","70.19","69.87","70.22","69.80","1.55M","0.29"
"Nov 21, 2013","69.99","69.58","70.07","69.42","1.93M","0.92"
"Nov 20, 2013","69.35","70.10","70.30","69.14","2.88M","-0.83"
"Nov 19, 2013","69.93","69.13","70.57","68.67","6.78M","3.04"
"Nov 18, 2013","67.87","67.87","68.16","67.67","1.76M","0.04"
"Nov 15, 2013","67.84","67.44","67.90","67.15","2.35M","0.47"
"Nov 14, 2013","67.52","67.23","67.93","67.12","2.19M","0.67"
"Nov 13, 2013","67.07","66.37","67.11","66.00","2.44M","0.96"
"Nov 12, 2013","66.43","66.40","66.58","66.14","1.81M","-0.05"
"Nov 11, 2013","66.46","66.52","66.71","66.23","1.17M","-0.33"
"Nov 08, 2013","66.68","66.18","66.70","65.98","1.38M","0.91"
"Nov 07, 2013","66.08","66.80","67.03","65.98","1.53M","-0.66"
"Nov 06, 2013","66.52","66.09","66.72","66.08","1.25M","0.42"
"Nov 05, 2013","66.24","66.01","66.38","65.57","1.17M","0.00"
"Nov 04, 2013","66.24","66.43","66.59","65.75","1.58M","0.26"
"Nov 01, 2013","66.07","66.10","66.22","65.70","1.85M","0.38"
"Oct 31, 2013","65.82","65.15","66.01","64.93","2.73M","0.98"
"Oct 30, 2013","65.18","66.59","66.59","64.72","2.17M","-2.69"
"Oct 29, 2013","66.98","66.71","67.25","66.30","1.68M","0.90"
"Oct 28, 2013","66.38","66.08","66.74","65.93","1.65M","0.21"
"Oct 25, 2013","66.24","66.07","66.42","65.76","1.17M","0.14"
"Oct 24, 2013","66.15","66.06","66.36","65.92","1.39M","0.39"
"Oct 23, 2013","65.89","66.01","66.07","65.64","1.11M","-0.45"
"Oct 22, 2013","66.19","65.72","66.45","65.48","1.37M","1.01"
"Oct 21, 2013","65.53","64.91","65.58","64.82","1.24M","0.69"
"Oct 18, 2013","65.08","65.05","65.36","64.80","1.72M","0.14"
"Oct 17, 2013","64.99","64.40","65.05","64.26","1.41M","0.49"
"Oct 16, 2013","64.67","64.00","64.73","63.79","1.81M","1.94"
"Oct 15, 2013","63.44","63.64","63.78","63.32","1.79M","-0.75"
"Oct 14, 2013","63.92","63.48","63.94","63.28","987.34K","0.49"
"Oct 11, 2013","63.61","62.51","63.63","62.48","1.08M","0.97"
"Oct 10, 2013","63.00","62.15","63.10","61.94","1.40M","2.19"
"Oct 09, 2013","61.65","61.63","61.94","61.33","1.42M","0.05"
"Oct 08, 2013","61.62","62.41","62.50","61.56","1.50M","-1.09"
"Oct 07, 2013","62.30","62.19","62.59","61.86","880.56K","-0.70"
"Oct 04, 2013","62.74","62.51","62.82","62.23","1.24M","0.59"
"Oct 03, 2013","62.37","62.91","63.16","62.19","1.36M","-1.28"
"Oct 02, 2013","63.18","63.16","63.26","62.87","1.73M","-0.19"
"Oct 01, 2013","63.30","63.67","63.67","63.07","1.49M","-0.31"
"Sep 30, 2013","63.50","63.44","63.61","63.07","1.76M","-0.24"
"Sep 27, 2013","63.65","63.78","63.80","62.82","1.40M","-0.50"
"Sep 26, 2013","63.97","63.89","64.22","63.66","1.20M","0.55"
"Sep 25, 2013","63.62","64.12","64.23","63.44","1.17M","-0.59"
"Sep 24, 2013","64.00","63.56","64.30","63.42","1.92M","-0.23"
"Sep 23, 2013","64.15","65.09","65.46","63.79","3.04M","-1.76"
"Sep 20, 2013","65.30","65.58","65.69","65.23","2.41M","-0.32"
"Sep 19, 2013","65.51","65.70","65.75","65.34","1.66M","-0.09"
"Sep 18, 2013","65.57","65.07","65.67","64.70","1.65M","0.78"
"Sep 17, 2013","65.06","65.13","65.28","64.83","2.30M","0.08"
"Sep 16, 2013","65.01","65.66","65.73","64.94","1.98M","0.02"
"Sep 13, 2013","65.00","65.12","65.20","64.44","1.88M","-0.12"
"Sep 12, 2013","65.08","64.84","65.37","64.70","1.34M","0.23"
"Sep 11, 2013","64.93","64.36","65.01","64.20","3.07M","0.37"
"Sep 10, 2013","64.69","65.25","65.25","64.69","3.16M","-0.06"
"Sep 09, 2013","64.73","64.16","64.86","64.16","1.70M","0.90"
"Sep 06, 2013","64.15","63.56","64.29","62.61","2.32M","1.09"
"Sep 05, 2013","63.46","63.01","63.50","62.98","1.17M","0.40"
"Sep 04, 2013","63.21","61.49","63.27","61.20","1.67M","0.89"
"Sep 03, 2013","62.65","63.15","63.56","62.29","1.82M","0.35"
"Aug 30, 2013","62.43","62.54","62.56","62.08","1.51M","-0.19"
"Aug 29, 2013","62.55","62.09","62.85","61.78","1.42M","0.51"
"Aug 28, 2013","62.23","62.39","62.63","62.15","1.59M","0.00"
"Aug 27, 2013","62.23","62.48","62.79","62.20","1.63M","-1.52"
"Aug 26, 2013","63.19","61.31","63.58","61.31","1.10M","-0.35"
"Aug 23, 2013","63.41","63.58","63.65","63.17","1.32M","-0.22"
"Aug 22, 2013","63.55","63.17","63.72","63.08","809.49K","0.86"
"Aug 21, 2013","63.01","63.29","63.50","62.82","1.56M","-0.71"
"Aug 20, 2013","63.46","62.98","63.61","62.94","1.23M","0.60"
"Aug 19, 2013","63.08","62.82","63.37","62.82","1.39M","0.02"
"Aug 16, 2013","63.07","62.70","63.23","62.62","1.79M","0.40"
"Aug 15, 2013","62.82","63.36","63.37","62.60","1.55M","-1.47"
"Aug 14, 2013","63.76","63.90","64.12","63.72","1.39M","-0.42"
"Aug 13, 2013","64.03","64.03","64.07","63.72","2.50M","0.25"
"Aug 12, 2013","63.87","63.17","63.89","63.08","1.28M","0.47"
"Aug 09, 2013","63.57","63.22","63.69","63.11","1.24M","0.17"
"Aug 08, 2013","63.46","63.48","63.73","63.12","1.38M","0.49"
"Aug 07, 2013","63.15","63.26","63.41","62.87","1.46M","-0.35"
"Aug 06, 2013","63.37","62.71","63.50","62.37","1.69M","0.89"
"Aug 05, 2013","62.81","62.75","62.91","62.43","2.03M","0.03"
"Aug 02, 2013","62.79","62.48","62.83","62.16","2.09M","-0.38"
"Aug 01, 2013","63.03","61.86","63.18","61.51","2.31M","-0.33"
"Jul 31, 2013","63.24","63.71","63.85","63.20","2.19M","-0.08"
"Jul 30, 2013","63.29","63.77","63.77","63.17","1.25M","0.06"
"Jul 29, 2013","63.25","63.30","63.59","63.03","926.09K","-0.52"
"Jul 26, 2013","63.58","63.21","63.60","62.91","1.43M","0.43"
"Jul 25, 2013","63.31","63.32","63.51","62.87","1.57M","-0.08"
"Jul 24, 2013","63.36","64.00","64.00","63.21","1.29M","-0.36"
"Jul 23, 2013","63.59","64.19","64.33","63.58","1.54M","-0.92"
"Jul 22, 2013","64.18","64.73","64.77","63.86","1.60M","0.38"
"Jul 19, 2013","63.94","64.16","64.19","63.39","2.27M","0.09"
"Jul 18, 2013","63.88","63.75","64.08","63.65","1.28M","0.69"
"Jul 17, 2013","63.44","63.75","63.91","63.39","1.89M","0.02"
"Jul 16, 2013","63.43","63.64","63.72","63.22","1.30M","-0.08"
"Jul 15, 2013","63.48","64.26","64.32","63.36","2.08M","-1.43"
"Jul 12, 2013","64.40","63.15","64.43","63.10","2.81M","2.17"
"Jul 11, 2013","63.03","63.36","63.68","62.94","2.25M","0.14"
"Jul 10, 2013","62.94","62.16","63.05","62.15","1.69M","0.99"
"Jul 09, 2013","62.32","62.29","62.58","62.19","1.49M","0.10"
"Jul 08, 2013","62.26","62.18","62.52","62.08","1.36M","0.31"
"Jul 05, 2013","62.07","61.97","62.44","61.41","1.53M","0.73"
"Jul 03, 2013","61.62","61.14","61.92","61.02","1.06M","0.23"
"Jul 02, 2013","61.48","61.22","61.84","60.71","2.36M","0.90"
"Jul 01, 2013","60.93","60.38","61.34","60.31","1.95M","0.86"
"Jun 28, 2013","60.41","60.45","60.86","60.09","3.11M","-0.74"
"Jun 27, 2013","60.86","61.13","61.34","60.70","1.38M","0.03"
"Jun 26, 2013","60.84","60.97","61.19","60.66","1.71M","0.75"
"Jun 25, 2013","60.39","60.67","60.67","59.79","1.32M","0.67"
"Jun 24, 2013","59.99","60.02","60.47","59.75","1.81M","-0.43"
"Jun 21, 2013","60.25","60.25","60.51","59.65","3.20M","0.70"
"Jun 20, 2013","59.83","60.04","60.23","59.72","2.49M","-1.22"
"Jun 19, 2013","60.57","60.60","61.39","60.46","1.90M","-0.80"
"Jun 18, 2013","61.06","60.24","61.13","60.19","1.28M","1.31"
"Jun 17, 2013","60.27","60.15","60.61","60.00","1.70M","1.02"
"Jun 14, 2013","59.66","59.70","60.12","59.52","1.42M","-0.40"
"Jun 13, 2013","59.90","59.07","60.08","58.92","1.55M","1.41"
"Jun 12, 2013","59.07","59.87","59.95","59.01","1.45M","-1.14"
"Jun 11, 2013","59.75","59.94","60.26","59.64","1.59M","-0.98"
"Jun 10, 2013","60.34","60.50","60.62","60.16","1.14M","-0.18"
"Jun 07, 2013","60.45","60.10","60.58","59.81","2.05M","1.43"
"Jun 06, 2013","59.60","59.37","59.68","59.02","2.23M","0.12"
"Jun 05, 2013","59.53","60.21","60.44","59.47","1.74M","-1.62"
"Jun 04, 2013","60.51","60.93","61.29","60.20","1.78M","-0.82"
"Jun 03, 2013","61.01","60.23","61.07","60.23","2.16M","1.19"
"May 31, 2013","60.29","60.91","61.55","60.17","3.12M","-1.55"
"May 30, 2013","61.24","61.42","61.58","61.24","1.49M","0.05"
"May 29, 2013","61.21","61.41","61.58","60.97","1.49M","-1.02"
"May 28, 2013","61.84","61.85","62.33","61.60","1.84M","0.91"
"May 24, 2013","61.28","61.12","61.28","60.79","1.57M","-0.11"
"May 23, 2013","61.35","61.33","61.59","61.16","1.94M","-0.47"
"May 22, 2013","61.64","62.36","62.44","61.43","2.79M","-1.08"
"May 21, 2013","62.31","62.31","62.66","62.12","1.96M","-0.03"
"May 20, 2013","62.33","63.16","63.16","62.13","2.15M","-1.30"
"May 17, 2013","63.15","62.69","63.16","62.29","2.55M","1.41"
"May 16, 2013","62.27","62.74","63.08","62.18","1.92M","-1.06"
"May 15, 2013","62.94","62.15","62.94","62.07","2.25M","1.32"
"May 14, 2013","62.12","61.58","62.21","61.58","1.82M","1.04"
"May 13, 2013","61.48","61.22","61.55","61.18","1.36M","0.07"
"May 10, 2013","61.44","61.51","61.65","61.04","1.65M","0.05"
"May 09, 2013","61.41","60.43","61.63","60.36","3.06M","2.09"
"May 08, 2013","60.15","60.22","60.36","60.01","2.45M","-0.12"
"May 07, 2013","60.22","60.37","60.61","60.12","1.96M","-0.07"
"May 06, 2013","60.26","60.67","60.67","60.12","1.34M","-0.77"
"May 03, 2013","60.73","60.11","60.78","59.67","1.88M","2.72"
"May 02, 2013","59.12","58.63","59.43","58.43","1.68M","0.85"
"May 01, 2013","58.62","59.12","59.12","58.51","1.54M","-0.78"
"Apr 30, 2013","59.08","58.77","59.08","58.66","1.64M","0.31"
"Apr 29, 2013","58.90","58.38","59.00","58.25","949.42K","0.82"
"Apr 26, 2013","58.42","58.57","58.58","58.08","862.14K","-0.27"
"Apr 25, 2013","58.58","58.72","58.76","58.33","1.53M","0.15"
"Apr 24, 2013","58.49","58.51","58.73","58.29","1.28M","0.46"
"Apr 23, 2013","58.22","57.85","58.24","57.38","1.27M","1.32"
"Apr 22, 2013","57.46","57.21","57.62","56.77","1.38M","0.42"
"Apr 19, 2013","57.22","56.47","57.40","56.47","2.14M","0.92"
"Apr 18, 2013","56.70","57.75","57.79","56.48","1.45M","-1.10"
"Apr 17, 2013","57.33","56.86","57.39","56.13","2.98M","-0.09"
"Apr 16, 2013","57.38","56.77","57.43","56.60","1.54M","1.47"
"Apr 15, 2013","56.55","57.72","57.81","56.53","1.82M","-2.20"
"Apr 12, 2013","57.82","58.01","58.01","57.47","1.51M","-0.31"
"Apr 11, 2013","58.00","57.58","58.08","57.43","1.20M","0.69"
"Apr 10, 2013","57.60","56.53","57.64","56.40","1.39M","1.86"
"Apr 09, 2013","56.55","56.45","56.78","56.00","1.50M","0.32"
"Apr 08, 2013","56.37","55.87","56.37","55.74","1.09M","0.77"
"Apr 05, 2013","55.94","56.23","56.24","55.53","1.69M","-1.48"
"Apr 04, 2013","56.78","56.89","57.08","56.43","1.21M","-0.04"
"Apr 03, 2013","56.80","57.25","57.45","56.64","1.60M","-0.82"
"Apr 02, 2013","57.27","57.15","57.62","56.89","1.93M","0.92"
"Apr 01, 2013","56.75","56.72","57.18","56.58","1.50M","-0.53"
"Mar 28, 2013","57.05","56.58","57.13","56.43","2.21M","0.58"
"Mar 27, 2013","56.72","56.50","56.79","56.23","1.51M","-0.21"
"Mar 26, 2013","56.84","56.18","56.85","56.18","1.92M","1.36"
"Mar 25, 2013","56.08","56.54","56.63","55.76","1.71M","-0.25"
"Mar 22, 2013","56.22","56.15","56.34","55.84","1.60M","0.55"
"Mar 21, 2013","55.91","56.13","56.49","55.65","2.22M","-1.08"
"Mar 20, 2013","56.52","56.72","56.86","56.29","1.64M","0.18"
"Mar 19, 2013","56.42","56.42","56.55","55.85","1.57M","0.14"
"Mar 18, 2013","56.34","56.03","56.56","55.97","1.64M","-0.41"
"Mar 15, 2013","56.57","56.73","57.07","56.47","3.56M","-0.82"
"Mar 14, 2013","57.04","56.32","57.05","56.32","2.50M","1.31"
"Mar 13, 2013","56.30","56.15","56.33","56.01","1.43M","0.32"
"Mar 12, 2013","56.12","56.06","56.13","55.93","1.96M","0.16"
"Mar 11, 2013","56.03","55.60","56.05","55.57","1.80M","0.83"
"Mar 08, 2013","55.57","55.50","55.89","55.41","2.09M","0.00"
"Mar 07, 2013","55.57","54.81","55.77","54.65","3.54M","1.68"
"Mar 06, 2013","54.65","54.86","54.88","54.42","1.55M","-0.58"
"Mar 05, 2013","54.97","54.39","55.00","54.32","1.81M","1.33"
"Mar 04, 2013","54.25","53.79","54.29","53.60","1.76M","0.31"
"Mar 01, 2013","54.08","53.77","54.17","53.24","1.70M","0.46"
"Feb 28, 2013","53.83","54.13","54.14","53.83","1.94M","-0.37"
"Feb 27, 2013","54.03","53.39","54.24","53.22","1.66M","0.84"
"Feb 26, 2013","53.58","53.62","53.84","53.27","1.95M","0.51"
"Feb 25, 2013","53.31","53.93","54.16","53.30","2.58M","-0.39"
"Feb 22, 2013","53.52","53.26","53.53","52.93","1.57M","1.23"
"Feb 21, 2013","52.87","53.65","53.65","52.70","2.31M","-1.55"
"Feb 20, 2013","53.70","53.89","54.18","53.63","2.00M","-0.41"
"Feb 19, 2013","53.92","53.71","53.94","53.59","1.66M","0.39"
"Feb 15, 2013","53.71","53.74","53.74","53.29","2.19M","0.79"
"Feb 14, 2013","53.29","52.86","53.32","52.66","1.70M","0.49"
"Feb 13, 2013","53.03","53.13","53.33","52.68","1.81M","0.15"
"Feb 12, 2013","52.95","52.85","53.14","52.64","1.34M","0.04"
"Feb 11, 2013","52.93","53.33","53.50","52.88","1.37M","-0.97"
"Feb 08, 2013","53.45","53.26","53.51","53.08","1.81M","0.72"
"Feb 07, 2013","53.07","53.19","53.29","52.49","2.10M","-0.45"
"Feb 06, 2013","53.31","53.49","53.69","52.80","1.96M","-0.76"
"Feb 05, 2013","53.72","52.50","53.73","52.25","3.09M","2.83"
"Feb 04, 2013","52.24","53.07","53.29","52.18","2.82M","-1.82"
"Feb 01, 2013","53.21","52.53","53.27","52.44","2.51M","2.31"
"Jan 31, 2013","52.01","52.05","52.43","51.99","2.60M","-0.31"
"Jan 30, 2013","52.17","52.78","52.86","52.06","1.91M","-1.32"
"Jan 29, 2013","52.87","52.21","52.93","52.04","2.34M","1.05"
"Jan 28, 2013","52.32","52.64","52.64","52.30","1.39M","-0.42"
"Jan 25, 2013","52.54","52.62","52.64","52.23","1.45M","0.31"
"Jan 24, 2013","52.38","52.45","52.61","52.14","1.81M","0.25"
"Jan 23, 2013","52.25","52.61","52.61","52.12","1.77M","-0.67"
"Jan 22, 2013","52.60","52.33","52.61","52.00","2.18M","0.40"
"Jan 18, 2013","52.39","51.92","52.40","51.83","2.52M","0.92"
"Jan 17, 2013","51.91","51.90","52.07","51.68","1.22M","0.58"
"Jan 16, 2013","51.61","52.00","52.07","51.58","1.66M","-0.52"
"Jan 15, 2013","51.88","52.02","52.03","51.68","1.85M","-0.46"
"Jan 14, 2013","52.12","52.13","52.24","51.91","1.77M","-0.02"
"Jan 11, 2013","52.13","52.57","52.64","51.92","1.34M","0.17"
"Jan 10, 2013","52.04","52.18","52.19","51.73","1.82M","0.35"
"Jan 09, 2013","51.86","52.11","52.13","51.64","1.94M","-0.23"
"Jan 08, 2013","51.98","51.57","52.04","51.41","1.69M","0.58"
"Jan 07, 2013","51.68","51.60","51.84","51.26","1.50M","-0.39"
"Jan 04, 2013","51.88","51.60","52.01","51.37","1.86M","0.87"
"Jan 03, 2013","51.43","51.42","51.61","50.66","2.25M","0.41"
"Jan 02, 2013","51.22","50.93","51.36","50.66","2.82M","2.56"
"Dec 31, 2012","49.94","49.12","50.01","49.12","2.09M","1.05"
"Dec 28, 2012","49.42","49.51","50.01","49.38","1.52M","-0.98"
"Dec 27, 2012","49.91","50.10","50.18","49.36","1.76M","-0.36"
"Dec 26, 2012","50.09","50.43","50.59","49.89","990.32K","-0.67"
"Dec 24, 2012","50.43","50.37","50.58","50.16","825.75K","-0.16"
"Dec 21, 2012","50.51","50.43","51.07","50.21","4.36M","-1.37"
"Dec 20, 2012","51.21","51.10","51.21","50.64","1.73M","0.43"
"Dec 19, 2012","50.99","51.24","51.38","50.84","2.63M","-0.23"
"Dec 18, 2012","51.11","50.92","51.30","50.36","2.40M","0.53"
"Dec 17, 2012","50.84","50.29","50.98","50.06","1.99M","0.95"
"Dec 14, 2012","50.36","50.35","50.59","50.30","1.36M","-0.30"
"Dec 13, 2012","50.51","50.40","50.79","50.26","1.74M","0.30"
"Dec 12, 2012","50.36","50.86","51.10","50.25","1.37M","-1.08"
"Dec 11, 2012","50.91","50.50","51.21","50.36","2.10M","1.23"
"Dec 10, 2012","50.29","50.20","50.80","50.15","1.90M","0.02"
"Dec 07, 2012","50.28","50.50","50.79","49.94","1.54M","-0.40"
"Dec 06, 2012","50.48","50.20","50.66","50.19","1.49M","0.54"
"Dec 05, 2012","50.21","49.71","50.37","49.62","1.45M","1.01"
"Dec 04, 2012","49.71","49.57","49.80","49.36","1.42M","0.44"
"Dec 03, 2012","49.49","50.00","50.08","49.38","1.47M","-0.58"
"Nov 30, 2012","49.78","49.48","49.88","49.43","2.60M","0.83"
"","","","","","",""
"","Highest:121.77","Lowest:49.12","Difference:72.65","Average:81.54","Change %:131.84"
