Date,Price,Open,High,Low,Vol.,Change %,Stock,O-Change,W-Change,M-Change,Day,Month,Year
30-Nov-17,50.49,49.76,51.11,49.3,6.02M,2.52,AAL,1.035532995,2.260583642,4.013377926,,,
29-Nov-17,49.25,49.38,51.16,48.66,8.15M,0.06,AAL,0.325071109,1.500513875,5.467748825,,,
28-Nov-17,49.22,48.44,49.42,48.2,3.86M,1.65,AAL,0.041305246,1.572656741,2.518518519,,,
27-Nov-17,48.42,48.61,48.83,48.3,2.63M,-0.29,AAL,0.102965404,2.574382781,2.207737595,,,
24-Nov-17,48.56,48.66,48.76,48.35,1.35M,-0.21,AAL,0,2.055369128,0.102859494,,,
22-Nov-17,48.66,48.58,48.97,48.27,2.33M,0.02,AAL,-0.143884892,2.945539309,-4.78243826,,,
21-Nov-17,48.65,47.89,48.92,47.54,2.80M,2.01,AAL,0.419375131,4.540493342,-7.81520693,,,
20-Nov-17,47.69,47.33,47.88,47.12,2.44M,0.63,AAL,-0.126608989,3.476169655,-7.159670459,,,
17-Nov-17,47.39,47.6,47.75,47.19,2.32M,-0.61,AAL,-0.167785235,3.884766478,-8.338147506,,,
16-Nov-17,47.68,47.26,48.06,47.24,4.46M,1.04,AAL,0.148336512,3.255407472,-8.250825083,,,
15-Nov-17,47.19,45.71,47.31,45.45,5.22M,3.01,AAL,-0.218292949,-1.423334052,-12.14683836,,,
14-Nov-17,45.81,45.3,45.97,45.27,1.83M,0.15,AAL,-0.961958898,-2.496771416,-13.00172844,,,
13-Nov-17,45.74,45.63,45.86,45.33,1.77M,-0.17,AAL,-0.414666085,-3.957061671,-12.70327148,,,
10-Nov-17,45.82,45.64,46.12,45.56,2.43M,0.11,AAL,-0.28402884,-3.814541623,-13.39658444,,,
9-Nov-17,45.77,45.85,46.35,45.36,3.56M,-1.29,AAL,-1.121414708,-3.188344595,-12.91547958,,,
8-Nov-17,46.37,46.42,46.98,45.84,3.20M,-0.19,AAL,-0.086095566,-2.968227425,-12.13325762,,,
7-Nov-17,46.46,47.51,47.54,46.4,3.76M,-2.21,AAL,0,1.473729176,-10.40920234,,,
6-Nov-17,47.51,47.46,48.1,47.28,4.25M,0.13,AAL,0.021074816,0.444444444,-6.205533597,,,
3-Nov-17,47.45,47.36,47.61,46.8,4.04M,0.19,AAL,0,-0.420521447,-7.680311891,,,
2-Nov-17,47.36,47.79,47.93,47.09,2.41M,-1,AAL,-0.10451505,-1.6868957,-5.478639241,,,
1-Nov-17,47.84,48,48.2,47.37,4.35M,2.18,AAL,2.520290474,-5.919247354,-5.381431106,,,
31-Oct-17,46.82,47.22,47.6,46.79,4.60M,-0.91,AAL,-0.063492063,-9.104908566,-6.513561671,,,
30-Oct-17,47.25,47.65,47.67,46.83,5.40M,-0.65,AAL,0.189234651,-6.531973323,-0.16760947,,,
27-Oct-17,47.56,48.41,48.89,47.33,8.59M,-2.16,AAL,-0.411437976,-6.778355479,1.937249947,,,
26-Oct-17,48.61,52,53.19,48.32,12.08M,-4.72,AAL,1.920815367,0.951271598,9.496736155,,,
25-Oct-17,51.02,51.78,51.78,50.61,4.66M,-1.79,AAL,-0.327237729,-0.480492024,10.52294557,,,
24-Oct-17,51.95,51.02,52.1,50.55,3.65M,1.9,AAL,0.078462142,-2.016516228,7.229928541,,,
23-Oct-17,50.98,51.92,51.95,50.87,3.46M,-1.83,AAL,-0.019256692,-0.669600153,8.846960168,,,
20-Oct-17,51.93,51.56,52.24,51.53,3.64M,0.82,AAL,0.09706853,-2.163187856,9.562260943,,,
19-Oct-17,51.51,51.57,51.83,49.63,7.57M,-1,AAL,-0.884105324,-2.051282051,11.40635126,,,
18-Oct-17,52.03,52.11,52.44,51.86,2.54M,-0.08,AAL,0.076819666,-1.36286201,14.72919419,,,
17-Oct-17,52.07,52.72,52.82,51.87,3.65M,-0.38,AAL,0.860914482,-0.584574769,18.79224876,,,
16-Oct-17,52.27,52.52,52.68,51.93,3.26M,-0.82,AAL,-0.341555977,3.794466403,15.91260207,,,
13-Oct-17,52.7,52.67,52.86,52.26,2.96M,0.09,AAL,0.037986705,2.670565302,14.5,,,
12-Oct-17,52.65,52.72,52.83,52.34,2.94M,-0.34,AAL,-0.208215029,4.272151899,14.13725915,,,
11-Oct-17,52.83,53.1,53.74,52.33,5.40M,-0.38,AAL,0.132000754,4.671791839,12.9787234,,,
10-Oct-17,53.03,52,53.25,51.98,9.39M,4.8,AAL,2.766798419,2.949910909,12.3352776,,,
9-Oct-17,50.6,51.23,51.48,50.4,3.69M,-1.36,AAL,-0.136452242,7.33291431,11.70955081,,,
6-Oct-17,51.3,50.7,51.59,50.65,4.24M,1.46,AAL,0.276898734,6.759317751,16.28440367,,,
5-Oct-17,50.56,50.85,50.99,50.26,4.21M,-0.34,AAL,0.236546422,7.075173721,15.9899635,,,
4-Oct-17,50.73,50.5,51.67,50.49,7.45M,0.44,AAL,-0.01979806,7.790821772,13.96975852,,,
3-Oct-17,50.51,47.66,50.59,47.63,10.26M,5.82,AAL,-0.146658286,0.168137873,8.515482696,,,
2-Oct-17,47.73,47.52,47.93,47.22,4.91M,0.51,AAL,0.063171194,-0.377358491,4.877510483,,,
29-Sep-17,47.49,47.49,47.85,47.23,4.90M,0,AAL,0,0.913727157,6.146624944,,,
28-Sep-17,47.49,46.78,48.6,46.78,8.37M,1.37,AAL,-0.14941302,1.058543962,5.550541516,,,
27-Sep-17,46.85,47.58,48.1,46.63,6.18M,-1.53,AAL,0,4.755614267,6.777378815,,,
26-Sep-17,47.58,47.84,48.26,47.23,4.71M,-0.25,AAL,0.293501048,7.796304642,6.429365962,,,
25-Sep-17,47.7,46.98,47.96,46.89,6.36M,1.36,AAL,-0.16999575,3.685720591,3.82320442,,,
22-Sep-17,47.06,46.57,47.46,46.35,5.34M,1.66,AAL,0.604882264,1.239130435,8.504193849,,,
21-Sep-17,46.29,45.47,46.57,44.99,5.86M,1.92,AAL,0.110083664,-1.558778956,3.411416875,,,
20-Sep-17,45.42,44.92,45.56,44.46,4.71M,2.34,AAL,1.216764308,-4.425531915,-1.079057476,,,
19-Sep-17,44.38,45.28,45.66,44.03,6.88M,-2.05,AAL,-0.06621055,-2.181896738,-0.940713192,,,
18-Sep-17,45.31,46.02,46.3,45.27,4.60M,-1.5,AAL,0.043478261,0.34888792,1.03183315,,,
15-Sep-17,46,45.3,46.04,45.19,14.85M,-0.41,AAL,-1.926823988,3.899082569,-1.585922225,,,
14-Sep-17,46.19,46.79,46.94,46.12,5.36M,-1.72,AAL,-0.446808511,6.729014599,-3.34641603,,,
13-Sep-17,47,46.35,47.58,46.1,7.29M,1.53,AAL,0.129617628,4.603926879,-4.472382523,,,
12-Sep-17,46.29,45.9,46.48,45.63,6.33M,0.94,AAL,0.08722198,4.508196721,-5.961893055,,,
11-Sep-17,45.86,44.01,46.09,44,7.92M,5.18,AAL,0.940366972,-2.869123814,-8.976215098,,,
8-Sep-17,43.6,43.81,44.11,43.49,4.68M,-0.55,AAL,-0.068430657,-2.078676799,-9.763130793,,,
7-Sep-17,43.84,44.19,44.62,43.53,5.10M,-1.06,AAL,-0.270819228,-0.2933213,-10.5465587,,,
6-Sep-17,44.31,43.09,44.68,42.61,8.80M,0.89,AAL,-1.889799636,-3.298922801,-13.82,,,
5-Sep-17,43.92,44.79,45.28,43.84,8.51M,-3.07,AAL,-1.147649525,-0.355951057,-11.44721234,,,
1-Sep-17,45.31,44.85,45.47,44.65,4.57M,1.27,AAL,0.245864998,-0.883977901,-11.71259843,,,
31-Aug-17,44.74,44.54,44.94,44.43,3.80M,0.95,AAL,0.496389892,3.774464119,-11.8892186,,,
30-Aug-17,44.32,44.54,44.77,43.89,5.47M,-0.54,AAL,-0.044883303,1.296338413,-11.71456888,,,
29-Aug-17,44.56,44.53,44.85,44.38,5.20M,-0.87,AAL,-0.934371524,-1.937899141,-12.78887583,,,
28-Aug-17,44.95,45.23,45.37,44.78,6.97M,-0.66,AAL,-0.044198895,-1.050098447,-10.32910389,,,
25-Aug-17,45.25,43.09,45.43,43.01,11.74M,5.43,AAL,0.396085741,-5.400658617,-14.6563676,,,
24-Aug-17,42.92,44.13,44.15,42.67,7.06M,-2.39,AAL,0.363884467,-4.127742776,-11.74,,,
23-Aug-17,43.97,45.17,45.24,43.52,8.16M,-3.17,AAL,-0.528517948,-6.692832059,-11.44873554,,,
22-Aug-17,45.41,45.85,45.93,45.33,4.02M,-0.66,AAL,0.306278714,-5.502885408,-9.405255878,,,
21-Aug-17,45.71,45.73,46.09,45.41,4.35M,0.35,AAL,0.395170143,-6.31018234,-10.82293292,,,
18-Aug-17,45.55,46.3,46.3,45.44,6.24M,-1.04,AAL,0.586573973,-4.23991727,-10.80716625,,,
17-Aug-17,46.03,48.25,48.34,45.8,10.30M,-4.92,AAL,-0.330510225,-0.61791967,-7.814291173,,,
16-Aug-17,48.41,48.64,48.73,48.27,4.19M,-0.23,AAL,0.247320692,-1.538461538,-7.546093898,,,
15-Aug-17,48.52,48.76,49,48.35,3.15M,-0.59,AAL,-0.102438025,-2.48,-8.259642521,,,
14-Aug-17,48.81,48.86,49.17,48.5,3.00M,0.95,AAL,1.054808687,-3.400553578,-9.300167069,,,
11-Aug-17,48.35,48.5,48.78,47.44,5.61M,-0.41,AAL,-0.102986612,-4.527559055,-10.54961269,,,
10-Aug-17,48.55,49.03,49.34,48.19,5.44M,-1.72,AAL,-0.748987854,-3.006923838,-8.883107229,,,
9-Aug-17,49.4,49.74,49.92,49.23,5.02M,-1.2,AAL,-0.52,-1.407333994,-7.546468401,,,
8-Aug-17,50,50.68,50.78,49.89,4.27M,-1.15,AAL,0.197706603,-0.744222483,-1.801976361,,,
7-Aug-17,50.58,50.82,51.13,50.46,3.02M,-0.43,AAL,0.039370079,0.753370341,-3.494113179,,,
4-Aug-17,50.8,50.67,50.92,50.39,2.99M,0.49,AAL,0.237388724,0.356506239,-4.450311145,,,
3-Aug-17,50.55,50.56,51.2,50.36,3.23M,0.2,AAL,0.218037661,1.12,-2.862632085,,,
2-Aug-17,50.45,50.89,51.18,49.9,4.68M,-1.19,AAL,-0.332941637,-0.235247991,-0.721810378,,,
1-Aug-17,51.06,51.13,52,50.32,5.05M,1.23,AAL,1.367961935,1.027464928,1.468545346,,,
31-Jul-17,50.44,50.85,51.23,50.03,6.06M,-0.1,AAL,0.713012478,-0.838533541,1.053259141,,,
28-Jul-17,50.49,49.02,50.67,48.73,9.15M,0.98,AAL,-1.96,-5.567328068,-1.209189843,,,
27-Jul-17,50,50.34,50.34,48.75,10.26M,-1.98,AAL,-1.313467947,-3.821169278,2.21319797,,,
26-Jul-17,51.01,50.63,51.16,50.01,4.78M,0.79,AAL,0.039517882,-3.763543053,4.391752577,,,
25-Jul-17,50.61,51.5,51.9,50.55,4.48M,-1.31,AAL,0.429017161,-3.104421449,5.576055761,,,
24-Jul-17,51.28,51.79,52.03,51.24,4.88M,-1.21,AAL,-0.231169332,-3.861147206,6.498046473,,,
21-Jul-17,51.91,52.13,52.55,51.45,4.54M,-0.82,AAL,-0.401222774,-3.854666175,6.452930366,,,
20-Jul-17,52.34,52.72,52.78,52.1,4.84M,-0.51,AAL,0.209085725,-2.025645791,8.858145777,,,
19-Jul-17,52.61,52.26,53.19,51.78,5.77M,-1.02,AAL,-1.674506115,-2.862453532,8.806995628,,,
18-Jul-17,53.15,53.83,53.84,53.02,4.10M,-1.34,AAL,-0.074252831,4.301491959,8.397100282,,,
17-Jul-17,53.87,54.21,54.28,53.85,3.73M,-0.65,AAL,-0.018443379,2.943410558,11.10883378,,,
14-Jul-17,54.22,53.8,54.28,53.34,4.54M,0.76,AAL,-0.018583906,1.452008297,9.549989819,,,
13-Jul-17,53.81,53.4,54.48,53.15,5.35M,0.02,AAL,-0.743494424,2.593659942,8.11905244,,,
12-Jul-17,53.8,53.12,53.83,52.45,8.35M,4.24,AAL,2.925789576,3.628560281,7.421638018,,,
11-Jul-17,51.61,52.58,52.66,51.47,4.55M,-1.99,AAL,-0.151917964,4.346100417,6.265157639,,,
10-Jul-17,52.66,52.98,53.16,52.23,4.60M,-0.7,AAL,-0.094286253,5.286168521,5.390889198,,,
7-Jul-17,53.03,52.3,53.38,52.18,6.60M,1.88,AAL,0.480307397,5.401047965,1.691619677,,,
6-Jul-17,52.05,50.97,52.58,50.86,7.02M,1.54,AAL,-0.56574327,3.492385787,0.216279984,,,
5-Jul-17,51.26,50.44,51.55,50.18,5.16M,1.73,AAL,0.099226037,4,1.407318054,,,
3-Jul-17,50.39,50.78,51.28,50.37,2.91M,0.14,AAL,0.914149444,4.100041,2.090872537,,,
30-Jun-17,50.32,49.92,50.51,49.6,6.62M,1.41,AAL,0.604594921,2.652683529,0.807754443,,,
29-Jun-17,49.62,49.28,49.69,48.82,6.17M,0.75,AAL,0.060913706,0.633040637,0.468909276,,,
28-Jun-17,49.25,48.82,49.8,48.81,4.26M,1.55,AAL,0.659793814,0.80528598,0.846932452,,,
27-Jun-17,48.5,48.6,49.55,48.5,4.26M,-0.57,AAL,-0.36900369,1.186758276,1.334445371,,,
26-Jun-17,48.78,48.81,49.78,48.53,3.99M,0.31,AAL,0.370141888,-1.711639146,0.143619204,,,
23-Jun-17,48.63,49,49.1,48.47,12.68M,-0.69,AAL,0.061261997,0.430416069,2.040816327,,,
22-Jun-17,48.97,50.5,50.56,48.79,9.79M,1.12,AAL,4.2742102,2.830380778,7.975197776,,,
21-Jun-17,48.43,48.33,48.64,48.13,3.47M,0.83,AAL,0.624609619,-2.146183438,3.579082726,,,
20-Jun-17,48.03,49.22,49.36,48.01,6.04M,-3.28,AAL,-0.88602497,-0.465116279,6.513741614,,,
19-Jun-17,49.66,49.13,49.72,48.81,4.10M,1.78,AAL,0.696864111,-0.707356508,8.646616541,,,
16-Jun-17,48.79,48.9,49.45,48.62,6.62M,-0.65,AAL,-0.427611484,-2.725283469,9.518477044,,,
15-Jun-17,49.11,49.14,49.32,48.37,4.58M,-0.57,AAL,-0.506175339,-4.452654093,9.394479074,,,
14-Jun-17,49.39,49.64,49.78,48.89,4.03M,-0.12,AAL,0.384226491,-2.398741644,5.75202386,,,
13-Jun-17,49.45,49.56,49.91,48.84,5.15M,-0.06,AAL,0.161681487,-0.361881785,6.16966581,,,
12-Jun-17,49.48,50.1,50.22,48.1,8.60M,-1.57,AAL,-0.338173861,0.723763571,9.317041239,,,
9-Jun-17,50.27,51.61,51.95,50.25,7.20M,-2.26,AAL,0.349990278,4.220516963,10.89385475,,,
8-Jun-17,51.43,50.86,51.87,50.41,6.54M,1.12,AAL,0,3.69011213,7.526427061,,,
7-Jun-17,50.86,49.44,50.91,48.8,7.08M,2.25,AAL,-0.603136309,2.127659574,5.012744265,,,
6-Jun-17,49.74,49.47,50.1,49.32,4.47M,0,AAL,-0.542822678,3.148457048,10.08010681,,,
5-Jun-17,49.74,49.53,49.95,49.4,5.47M,0.44,AAL,0.020193861,1.620845302,11.27836441,,,
2-Jun-17,49.52,49.56,50.47,49.37,7.71M,0.96,AAL,1.039755352,3.206997085,12.86722842,,,
1-Jun-17,49.05,48.5,49.36,48.3,4.42M,1.32,AAL,0.185912002,3.69895232,10.428051,,,
31-May-17,48.41,48.2,48.48,47.53,4.49M,0.94,AAL,0.500417014,3.300471496,9.870070663,,,
30-May-17,47.96,48.32,48.58,47.79,5.51M,-1.6,AAL,-0.861715224,4.566111231,14.82889734,,,
26-May-17,48.74,47.79,48.82,47.73,5.98M,1.5,AAL,-0.478967097,5.683325962,12.13045519,,,
25-May-17,48.02,46.99,48.12,46.82,5.44M,2.67,AAL,0.470387,5.240761478,6.844020009,,,
24-May-17,46.77,46.74,47.43,46.65,3.89M,0.24,AAL,0.171453065,4.051647373,0.732758621,,,
23-May-17,46.66,46.27,46.69,45.94,3.01M,0.97,AAL,0.129842026,-1.427354069,-0.729457198,,,
22-May-17,46.21,45.33,46.25,45.33,4.43M,2.19,AAL,0.243255197,-2.892030848,-2.390180879,,,
19-May-17,45.22,44.8,45.38,44.74,6.74M,1.28,AAL,0.335946249,-2.247436177,-0.775193798,,,
18-May-17,44.65,44.4,45.4,44.38,6.63M,-0.6,AAL,-1.157613535,-4.598195101,-1.813356922,,,
17-May-17,44.92,46.25,46.56,44.88,6.91M,-4.3,AAL,-1.469961653,-2.21987315,4.166666667,,,
16-May-17,46.94,46.79,47.13,44.74,4.63M,0.56,AAL,0.235646958,-0.615972812,6.802099977,,,
15-May-17,46.68,45.7,46.99,45.69,5.53M,1.85,AAL,-0.283656993,1.691143747,3.323536061,,,
12-May-17,45.83,46.26,46.44,45.73,3.89M,-1.53,AAL,-0.601633004,3.931700741,6.712802768,,,
11-May-17,46.54,47.21,47.24,45.65,6.09M,-1.61,AAL,-0.190274841,7.515372353,7.393084622,,,
10-May-17,47.3,47.03,47.78,46.67,7.38M,0.47,AAL,-0.106202209,7.081056466,7.056681084,,,
9-May-17,47.08,45.4,47.3,45.25,11.12M,4.76,AAL,1.023587005,3.487576932,7.277882798,,,
8-May-17,44.94,44.6,45.05,44.52,6.19M,0.97,AAL,0.202201752,5.988593156,6.673044726,,,
5-May-17,44.51,44,44.52,43.77,5.46M,1.37,AAL,0.204964701,3.237916471,5.465004794,,,
4-May-17,43.91,44.18,44.39,43.2,4.48M,-0.02,AAL,0.591985428,0.45475216,6.947470346,,,
3-May-17,43.92,43.67,44.17,43.42,5.14M,0.11,AAL,-0.455892409,-5.88362069,6.772616137,,,
2-May-17,43.87,42.06,43.91,42.05,9.40M,4.25,AAL,-0.047528517,-9.761853679,-0.918727915,,,
1-May-17,42.08,42.76,42.96,42.01,8.59M,-1.27,AAL,0.32848428,-7.924203273,1.087470449,,,
28-Apr-17,42.62,44.02,44.06,42.56,13.36M,-3.09,AAL,0.090950432,-2.502768549,3.479078514,,,
27-Apr-17,43.98,43.91,44.21,42.41,18.99M,-5.22,AAL,-5.36637931,-2.896948253,4.647283127,,,
26-Apr-17,46.4,46.51,46.9,46.24,6.03M,-0.45,AAL,-0.214546235,4.752252252,9.178403756,,,
25-Apr-17,46.61,46.8,47.39,46.38,5.96M,0.37,AAL,0.775193798,6.824925816,12.12266411,,,
24-Apr-17,46.44,45.5,46.44,45.47,6.34M,2.86,AAL,0.775193798,2.871354284,9.034267913,,,
21-Apr-17,45.15,45.5,45.5,44.98,5.54M,-0.15,AAL,0.619195046,4.959630911,9.876841343,,,
20-Apr-17,45.22,44.71,45.38,44.56,4.96M,1.85,AAL,0.698198198,1.706096451,10.80545229,,,
19-Apr-17,44.4,44.07,44.77,43.9,6.57M,1.35,AAL,0.59347181,0.318688823,9.030183078,,,
18-Apr-17,43.81,44.03,44.53,43.4,5.81M,-0.95,AAL,-0.452181777,4.040642722,5.587529976,,,
17-Apr-17,44.23,43.47,44.25,43.36,4.56M,2.03,AAL,0.276816609,3.970342023,4.194630872,,,
13-Apr-17,43.35,43.95,44.02,43.34,5.50M,-1.39,AAL,-0.022747953,5.345158198,4.319962022,,,
12-Apr-17,43.96,44.79,45.35,43.83,9.99M,0.07,AAL,1.957659913,8.424110385,6.414825374,,,
11-Apr-17,43.93,42.78,43.95,42.41,10.27M,3.8,AAL,1.086956522,4.596577017,3.809754914,,,
10-Apr-17,42.32,41.81,42.67,41.62,4.65M,1.22,AAL,0,-1.507656066,-1.321689875,,,
7-Apr-17,41.81,41.53,42.1,41.28,4.14M,0.22,AAL,-0.455417066,-1.820330969,-5.398633257,,,
6-Apr-17,41.72,41.4,41.96,41.16,3.63M,0.99,AAL,0.217864924,-2.679830748,-4.454188784,,,
5-Apr-17,41.31,41.15,42.13,41.06,7.01M,1,AAL,0.611246944,-1.930409914,-8.331476944,,,
4-Apr-17,40.9,42.09,42.23,40.82,7.25M,-3.65,AAL,-0.848056537,-1.197183099,-6.132917038,,,
3-Apr-17,42.45,42.33,42.57,41.62,5.76M,0.35,AAL,0.070921986,1.413512218,-6.576914588,,,
31-Mar-17,42.3,42.37,42.94,42.27,5.43M,-0.56,AAL,-0.399623883,1.533668823,-9.504485263,,,
30-Mar-17,42.54,41.85,42.64,41.79,3.68M,1.38,AAL,-0.262154433,1.062545279,-8.464566929,,,
29-Mar-17,41.96,42.69,42.76,41.87,5.33M,-1.5,AAL,0.211267606,5.799256506,-9.343809726,,,
28-Mar-17,42.6,41.83,42.93,41.55,6.19M,2.06,AAL,0.215620508,3.488372093,-9.771354616,,,
27-Mar-17,41.74,41.07,41.89,40.56,6.05M,0.02,AAL,-1.581595974,-1.510791367,-11.33419689,,,
24-Mar-17,41.73,41.69,42.06,41.42,6.60M,0.77,AAL,0.676165177,-0.071907958,-9.917891098,,,
23-Mar-17,41.41,40.7,41.86,40.48,9.52M,2.63,AAL,0.867410161,-3.394255875,-11.71366594,,,
22-Mar-17,40.35,39.78,40.55,39.21,9.94M,-0.17,AAL,-1.583374567,-5.488239487,-14.11917098,,,
21-Mar-17,40.42,41.88,41.98,40.34,7.94M,-3.07,AAL,0.431654676,1.625818976,-10.53193762,,,
20-Mar-17,41.7,42.18,42.41,41.45,6.23M,-0.05,AAL,1.102588686,-0.448430493,-10.08313792,,,
17-Mar-17,41.72,42,42.21,41.6,10.19M,-0.97,AAL,-0.308568716,-4.328018223,-10.58122206,,,
16-Mar-17,42.13,42.18,42.35,41.45,7.06M,0.1,AAL,0.213827512,-2.654050312,-11.27471603,,,
15-Mar-17,42.09,40.5,42.19,40.21,13.99M,2.14,AAL,-1.722882795,-9.779460904,-13.03414215,,,
14-Mar-17,41.21,42.06,42.1,40.84,10.21M,-2.74,AAL,-0.731649752,-6.199821588,-11.28453913,,,
13-Mar-17,42.37,43.73,44.12,42.26,8.88M,-3.49,AAL,-0.387243736,-3.487088943,-5.855758881,,,
10-Mar-17,43.9,43.46,43.95,42.97,6.84M,1.32,AAL,0.300023079,-7.176420333,-6.133909287,,,
9-Mar-17,43.33,44.5,44.93,43.25,9.33M,-3.48,AAL,-0.868790376,-2.668416448,-1.242787395,,,
8-Mar-17,44.89,44.79,45.3,44.6,5.52M,0.11,AAL,-0.111507583,-4.884264175,-0.841266327,,,
7-Mar-17,44.84,45.02,45.23,44.56,4.57M,-1.04,AAL,-0.640035312,-2.890422778,-0.618101545,,,
6-Mar-17,45.31,46.41,46.68,44.38,11.34M,-3.23,AAL,-0.875694148,0.194300518,5,,,
3-Mar-17,46.82,45.85,47.26,45.77,7.26M,2.41,AAL,0.284339458,-0.929127053,4.180867985,,,
2-Mar-17,45.72,46.67,46.74,45.64,7.59M,-2.91,AAL,-0.89190911,1.236442516,5.947786606,,,
1-Mar-17,47.09,46.79,48.13,46.7,8.28M,1.57,AAL,0.927523727,1.014680484,5.740112994,,,
28-Feb-17,46.36,46.32,46.72,46.03,4.94M,0.09,AAL,0,-1.046784875,3.162583519,,,
27-Feb-17,46.32,46.18,46.36,45.68,4.13M,0.09,AAL,-0.216076059,-1.556171392,-1.640042599,,,
24-Feb-17,46.28,46,46.3,45.58,4.49M,0.39,AAL,-0.21691974,-2.065147967,-7.239362775,,,
23-Feb-17,46.1,46.42,47.32,45.89,5.25M,-0.47,AAL,0.215889465,-2.355910812,-3.109997913,,,
22-Feb-17,46.32,46.5,46.7,45.87,5.80M,-1.05,AAL,-0.662251656,-0.150311359,-2.187631468,,,
21-Feb-17,46.81,47.01,47.27,46.58,4.67M,-0.21,AAL,0.213174163,-0.84370386,0.149126545,,,
17-Feb-17,46.91,46.83,47.1,46.43,4.58M,-0.13,AAL,-0.298062593,0.818083961,-2.4375,,,
16-Feb-17,46.97,47.5,47.65,46.66,5.68M,-1.2,AAL,-0.084139672,2.591792657,0.507829031,,,
15-Feb-17,47.54,47.59,48.05,46.93,8.39M,2.08,AAL,2.190251235,5.614735908,-0.10495382,,,
14-Feb-17,46.57,47.26,47.28,46.45,6.27M,-1.77,AAL,-0.316388947,4.6269648,1.090909091,,,
13-Feb-17,47.41,46.56,47.78,46.5,6.16M,2.07,AAL,0.236813778,2.781456954,-2.287513116,,,
10-Feb-17,46.45,46.62,46.7,46.17,4.04M,0.32,AAL,0.691144708,5.475113122,-3.076923077,,,
9-Feb-17,46.3,45.07,46.6,44.94,7.09M,2.75,AAL,0.022192632,2.408543513,-7.339638158,,,
8-Feb-17,45.06,45.26,45.26,44.51,4.33M,-0.24,AAL,0.199247288,2.746878547,-6.641914191,,,
7-Feb-17,45.17,45.75,46.13,45.01,6.12M,-0.29,AAL,0.993377483,3.389830508,-2.82497876,,,
6-Feb-17,45.3,44.8,45.6,44.74,6.50M,2.49,AAL,1.357466063,-0.222717149,-3.0512876,,,
3-Feb-17,44.2,44.31,44.55,43.76,6.36M,0.43,AAL,0.681663258,-5.623003195,-3.443015908,,,
2-Feb-17,44.01,43.61,44.52,43.57,7.61M,-0.09,AAL,-0.998864926,-12.05888284,-6.616702355,,,
1-Feb-17,44.05,44.75,45,43.91,7.96M,-0.45,AAL,1.129943503,-6.595700271,-3.347732181,,,
31-Jan-17,44.25,44.79,44.84,43.74,11.72M,-1.45,AAL,-0.244988864,-5.78460244,-4.069393874,,,
30-Jan-17,44.9,45.62,45.92,43.86,16.79M,-4.37,AAL,-2.832800852,-2.812100554,-3.44973545,,,
27-Jan-17,46.95,50,50,46.72,19.41M,-5.32,AAL,0.826779593,4.166666667,4.887770086,,,
26-Jan-17,49.59,48.43,49.71,48.33,10.33M,3.51,AAL,1.085368399,2.475666526,-0.370294178,,,
25-Jan-17,47.91,47.9,48.21,47.61,5.14M,0.78,AAL,0.757257047,0.545759866,-1.196369637,,,
24-Jan-17,47.54,47.05,47.8,46.8,4.93M,1.28,AAL,0.234341713,0.64171123,-3.3682481,,,
23-Jan-17,46.94,47.9,48.09,46.75,4.28M,-2.21,AAL,-0.208333333,0.524658972,-3.17364059,,,
20-Jan-17,48,47.54,48.16,47.24,5.61M,1.57,AAL,0.592467203,-1.164241164,-3.413246648,,,
19-Jan-17,47.26,47.64,48.09,46.88,3.73M,-0.8,AAL,0,-2.055921053,-1.934952655,,,
18-Jan-17,47.64,46.72,47.8,46.65,5.18M,1.9,AAL,-0.064171123,-3.630363036,-1.910560571,,,
17-Jan-17,46.75,47.56,47.75,46.67,5.35M,-1.89,AAL,-0.18887723,1.019541206,-1.532091097,,,
13-Jan-17,47.65,48.16,48.43,47.54,3.54M,-0.94,AAL,0.124740125,4.21986583,0.500834725,,,
12-Jan-17,48.1,48.67,49,46.84,5.45M,-1.11,AAL,0.061677632,6.057964698,1.734949833,,,
11-Jan-17,48.64,49.29,49.9,48.1,6.93M,0.33,AAL,1.670792079,5.546038544,3.572179029,,,
10-Jan-17,48.48,47,48.51,46.97,7.48M,2.97,AAL,-0.169923534,1.51187905,-5.3182917,,,
9-Jan-17,47.08,46.01,47.34,45.78,4.74M,1.88,AAL,-0.432806752,-1.45641465,-4.245577523,,,
6-Jan-17,46.21,45.85,46.72,45.47,7.26M,0.7,AAL,-0.08716496,-2.962962963,-5.755395683,,,
5-Jan-17,45.89,46.52,46.93,45.61,6.83M,-1.73,AAL,-0.385438972,-2.412418712,0.19384019,,,
4-Jan-17,46.7,46.63,47.44,46.35,5.86M,0.86,AAL,0.712742981,-4.07323596,1.990376203,,,
3-Jan-17,46.3,47.28,47.34,46.13,6.74M,-0.84,AAL,1.263653887,-2.475247525,2.559652928,,,
30-Dec-16,46.69,47.42,47.66,46.47,4.50M,-1.19,AAL,0.35978836,-2.608338468,3.650273224,,,
29-Dec-16,47.25,47.8,48,46.96,3.71M,-0.88,AAL,0.272708202,-3.375783303,2.928509905,,,
28-Dec-16,47.67,48.73,48.83,47.61,4.15M,-1.93,AAL,0.246862785,-0.995530272,3.924077628,,,
27-Dec-16,48.61,48.29,48.92,48.14,2.80M,0.27,AAL,-0.391914191,-0.596953479,3.849462366,,,
23-Dec-16,48.48,48.61,48.84,48.28,2.92M,-0.43,AAL,-0.164304785,2.057526769,3.823152499,,,
22-Dec-16,48.69,49.35,49.45,48.46,3.62M,-1.58,AAL,-0.242571255,2.173913043,6.495468278,,,
21-Dec-16,49.47,49.34,49.9,49.23,3.83M,0.51,AAL,0.243803332,2.96327212,7.074652778,,,
20-Dec-16,49.22,48.5,49.5,48.5,4.81M,1.32,AAL,-0.164676822,1.379598662,5.251736111,,,
19-Dec-16,48.58,47.89,48.6,47.74,4.73M,1.99,AAL,0.545874449,0.630384535,3.523562473,,,
16-Dec-16,47.63,48.61,49.07,47.56,9.30M,-1.39,AAL,0.641821946,-2.074939565,6.065895702,,,
15-Dec-16,48.3,48.1,49.95,48.1,7.53M,0.79,AAL,0.375626043,0.104058273,8.211473566,,,
14-Dec-16,47.92,47.84,48.75,47.8,5.29M,0.17,AAL,0,-1.664953751,6.881143878,,,
13-Dec-16,47.84,47.94,48.49,47.71,6.15M,0.53,AAL,0.735448624,3.252207624,10.46082949,,,
12-Dec-16,47.59,49.16,49.34,47.44,8.64M,-4.13,AAL,-0.966962127,7.524059493,14.51199627,,,
9-Dec-16,49.64,49.27,50.64,48.74,9.85M,3.31,AAL,2.539021852,6.876355748,16.47754137,,,
8-Dec-16,48.05,48.6,48.6,47.7,6.24M,-1.23,AAL,-0.102774923,6.229508197,14.59561424,,,
7-Dec-16,48.65,46.61,48.94,46.52,10.21M,4.78,AAL,0.387680379,0.366063738,11.77458034,,,
6-Dec-16,46.43,46.16,46.55,45.92,5.33M,1.55,AAL,0.962379703,-1.556835146,11.25572427,,,
5-Dec-16,45.72,46.45,46.54,45.58,5.26M,-0.82,AAL,0.759219089,-0.107526882,16.88475088,,,
2-Dec-16,46.1,46.09,46.86,45.91,6.51M,0.77,AAL,0.743169399,-1.559162751,17.03910615,,,
1-Dec-16,45.75,46.2,47.09,45.66,7.44M,-1.49,AAL,-0.516795866,-0.302114804,16.3434903,,,
30-Nov-16,46.44,46.14,46.86,45.42,7.90M,-0.96,AAL,-1.599488164,0.130208333,15.92964824,,,
29-Nov-16,46.89,46.59,47.14,46.17,4.89M,0.84,AAL,0.193548387,1.106770833,14.75369458,,,
28-Nov-16,46.5,46.64,46.88,45.66,7.37M,-0.68,AAL,-0.384451089,0.821444012,16.42536196,,,
25-Nov-16,46.82,46.34,46.86,46.3,2.43M,1.04,AAL,0,1.112808204,16.11125031,,,
23-Nov-16,46.34,46.05,46.39,45.7,5.16M,0.56,AAL,-0.065104167,3.599550056,17.11597152,,,
22-Nov-16,46.08,46.03,46.95,45.95,5.78M,0,AAL,-0.108506944,2.837354781,15.97379693,,,
21-Nov-16,46.08,46.46,46.75,45.95,6.65M,-0.39,AAL,0.432338954,7.050691244,16.64574441,,,
18-Nov-16,46.26,46.15,46.49,45.62,7.80M,0.94,AAL,0.698232599,7.500582343,15.6641604,,,
17-Nov-16,45.83,44.39,45.85,44.05,8.56M,3.1,AAL,-0.134983127,4.940898345,9.361911801,,,
16-Nov-16,44.45,44.66,44.8,43.93,6.17M,-0.69,AAL,-0.223413762,5.305352511,9.918779227,,,
15-Nov-16,44.76,45,45.28,43.59,13.17M,3.13,AAL,3.686635945,7.913669065,14.35832274,,,
14-Nov-16,43.4,43.01,43.61,42.98,7.77M,1.09,AAL,0.186349872,3.663533382,11.48263349,,,
11-Nov-16,42.93,42.07,42.95,41.68,6.62M,1.49,AAL,-0.543735225,5.863110216,8.848641656,,,
10-Nov-16,42.3,42.71,43.39,42.15,8.67M,-0.26,AAL,0.707380335,8.456069071,8.843017329,,,
9-Nov-16,42.41,40.76,42.75,40.44,8.39M,1.7,AAL,-2.254196643,2.644170234,9.042268593,,,
8-Nov-16,41.7,41.42,41.85,41.02,5.73M,0.51,AAL,-0.168715353,4.070351759,8.429319372,,,
7-Nov-16,41.49,40.39,41.65,40.31,8.33M,4.4,AAL,1.635631605,-0.517241379,3.857032656,,,
4-Nov-16,39.74,39.27,40.22,39.24,6.72M,0.91,AAL,-0.279329609,-1.972041937,4.081632653,,,
3-Nov-16,39.38,39.78,40.24,39.3,6.01M,-0.83,AAL,0.176278016,-0.325732899,4.217972229,,,
2-Nov-16,39.71,39.72,40.25,39.62,5.27M,-0.23,AAL,-0.201005025,1.017293998,4.885133351,,,
1-Nov-16,39.8,40.51,40.85,39.56,9.03M,-1.97,AAL,-0.221674877,2.06601159,7.653467978,,,
31-Oct-16,40.6,40.31,40.81,40.08,5.96M,1.35,AAL,0.624063904,1.205121768,6.923076923,,,
28-Oct-16,40.06,39.85,40.57,39.8,6.71M,0.38,AAL,-0.150338261,-0.125313283,8.850040972,,,
27-Oct-16,39.91,39.45,40.18,39.26,6.54M,1.5,AAL,0.330620549,-2.80857354,10.13400335,,,
26-Oct-16,39.32,38.57,40.26,38.21,10.11M,-0.93,AAL,-2.821869489,-5.070145213,7.6171875,,,
25-Oct-16,39.69,39.66,40.43,39.36,6.02M,-0.35,AAL,-0.426813959,0.787801779,10.16666667,,,
24-Oct-16,39.83,40.25,40.55,39.77,6.47M,-0.18,AAL,0.877192982,4.328667703,15.23046092,,,
21-Oct-16,39.9,39.97,40.24,39.65,9.98M,-1.7,AAL,-1.52746982,3.415265201,12.43319269,,,
20-Oct-16,40.59,40.93,40.93,39.41,14.70M,-0.1,AAL,0.738370662,4.306829766,16.11347518,,,
19-Oct-16,40.63,39.48,40.81,39.4,12.76M,3.25,AAL,0.330368488,5.617977528,13.87366599,,,
18-Oct-16,39.35,38.84,39.89,38.84,10.54M,2,AAL,0.673924313,1.67539267,10.49786629,,,
17-Oct-16,38.58,38.66,39.73,38.37,5.60M,-0.18,AAL,0.025873221,-0.591411674,9.085778781,,,
14-Oct-16,38.65,39.45,39.92,38.59,8.87M,-1.5,AAL,0.535168196,4.5587066,11.1580727,,,
13-Oct-16,39.24,36.95,39.5,36.8,14.77M,4.98,AAL,-1.15034778,-3.196227404,1.483109036,,,
12-Oct-16,37.38,38.12,38.38,37.36,7.41M,-2.15,AAL,-0.209424084,0.660153156,4.754053311,,,
11-Oct-16,38.2,39.99,39.99,38.06,10.03M,-1.77,AAL,2.828490615,6.271591815,7.010971367,,,
10-Oct-16,38.89,37.95,38.95,37.47,6.94M,3.07,AAL,0.583090379,0.663129973,-1.017214397,,,
7-Oct-16,37.73,38.25,38.48,37.4,5.13M,-1.15,AAL,0.209588682,4.479650369,-0.623538581,,,
6-Oct-16,38.17,37.83,38.22,37.57,5.16M,0.79,AAL,-0.105624505,5.611390285,-3.862770013,,,
5-Oct-16,37.87,37.82,38.12,37.31,4.71M,0.64,AAL,0.50491629,5.524553571,-2.4,,,
4-Oct-16,37.63,38.39,38.78,37.55,9.07M,-0.19,AAL,1.830238727,6.638888889,3.869047619,,,
3-Oct-16,37.7,36.46,37.75,36.33,8.88M,2.98,AAL,-0.409724119,4.380188949,-0.191623323,,,
30-Sep-16,36.61,35.98,36.99,35.86,7.43M,2.21,AAL,0.446677834,1.209563994,-0.717439294,,,
29-Sep-16,35.82,35.65,36.6,35.6,6.18M,-0.06,AAL,-0.530133929,1.134751773,-1.790633609,,,
28-Sep-16,35.84,36.1,36.86,35.77,6.29M,-0.44,AAL,0.277777778,4.124603404,-2.564102564,,,
27-Sep-16,36,34.98,36.12,34.9,5.07M,3.06,AAL,0.14314343,-0.483641536,-3.290019353,,,
26-Sep-16,34.93,35.19,35.55,34.86,7.35M,-1.74,AAL,-1.012658228,-0.705417607,-2.870549269,,,
23-Sep-16,35.55,35.3,35.67,34.96,4.60M,0.85,AAL,0.141843972,-0.535362074,-3.867102397,,,
22-Sep-16,35.25,34.96,36.03,34.85,7.44M,1.67,AAL,0.836458033,-3.982422411,-4.611186903,,,
21-Sep-16,34.67,35,35.15,33.9,10.41M,-1.37,AAL,-0.426742532,-3.819730695,-3.846153846,,,
20-Sep-16,35.15,35.75,35.86,35.13,6.67M,-0.82,AAL,0.874717833,-4.335028097,-0.694444444,,,
19-Sep-16,35.44,35.66,36.11,35.35,5.42M,-0.14,AAL,0.479008171,-6.99008868,-2.27459578,,,
16-Sep-16,35.49,36.26,36.36,35.47,10.72M,-2.53,AAL,-0.411974732,-5.793712653,-1.118080175,,,
15-Sep-16,36.41,36.31,36.63,35.85,7.81M,0.05,AAL,-0.219840616,-7.725540025,-0.792349727,,,
14-Sep-16,36.39,37,37.2,36.25,8.09M,-2.62,AAL,-0.99009901,-4.516129032,0.680272109,,,
13-Sep-16,37.37,38.12,38.31,37.22,9.33M,-2.53,AAL,-0.57381325,3.138528139,6.272651241,,,
12-Sep-16,38.34,37.22,38.38,36.62,11.96M,-0.39,AAL,-3.299558327,1.888858472,6.586483391,,,
9-Sep-16,38.49,39,39.34,38.17,8.62M,-2.19,AAL,-0.889453621,7.61589404,11.55606407,,,
8-Sep-16,39.35,38.68,39.41,38.43,7.10M,1.55,AAL,-0.180645161,6.556473829,13.16559391,,,
7-Sep-16,38.75,37.5,39.52,37.42,13.77M,4.84,AAL,1.461038961,1.214574899,8.41283608,,,
6-Sep-16,36.96,36.45,36.97,36.36,5.50M,1.18,AAL,-0.218998084,0.774122201,6.113537118,,,
2-Sep-16,36.53,36,36.7,36,5.43M,0.8,AAL,-0.662251656,-0.634833011,4.529616725,,,
1-Sep-16,36.24,36.53,36.71,35.88,6.94M,-0.17,AAL,0.633608815,-0.517429194,8.784991066,,,
31-Aug-16,36.3,36.97,36.98,35.63,13.11M,-2.02,AAL,-0.215924426,0.873124147,10.42413381,,,
30-Aug-16,37.05,35.45,37.35,35.35,14.51M,2.43,AAL,-1.990599945,-2.60989011,5.789316622,,,
29-Aug-16,36.17,36.13,36.41,36.05,4.76M,-0.17,AAL,-0.276014353,0.361111111,1.488764045,,,
26-Aug-16,36.23,36.68,36.84,36.02,6.26M,-1.33,AAL,-0.108932462,0.5206906,3.323943662,,,
25-Aug-16,36.72,36.34,36.94,36.32,5.45M,0.19,AAL,-0.845839018,-0.899918189,0,,,
24-Aug-16,36.65,36.27,36.99,36.19,5.95M,0.69,AAL,-0.357142857,-0.901639344,0.193370166,,,
23-Aug-16,36.4,36.32,36.65,36.18,5.40M,1.11,AAL,0.888888889,-1.170068027,-0.629274966,,,
22-Aug-16,36,36.33,36.48,35.86,5.19M,-1.34,AAL,-0.438476295,1.282408698,1.480446927,,,
19-Aug-16,36.49,36.44,36.74,36.1,6.68M,-0.49,AAL,-0.627215708,4.352806415,0.220022002,,,
18-Aug-16,36.67,36.43,36.7,36.05,5.29M,0.19,AAL,-0.464480874,4.204805492,4.204805492,,,
17-Aug-16,36.6,36.68,36.75,36.19,8.00M,-0.41,AAL,-0.19047619,7.314218841,2.115812918,,,
16-Aug-16,36.75,35.67,36.79,35.63,9.38M,2.45,AAL,-0.557568999,3.122289679,-0.944182172,,,
15-Aug-16,35.87,34.96,36.05,34.9,7.14M,2.72,AAL,0.114547537,1.775836972,-2.969747433,,,
12-Aug-16,34.92,34.74,35.17,34.66,6.06M,-0.11,AAL,-0.629290618,0.871080139,-3.204235163,,,
11-Aug-16,34.96,34.25,35.08,34.24,7.67M,2.28,AAL,0.204798128,1.995235259,-4.542920847,,,
10-Aug-16,34.18,34.59,34.75,33.74,5.88M,-1.19,AAL,0,3.315412186,0.406386067,,,
9-Aug-16,34.59,35.21,35.5,34.54,7.31M,0.7,AAL,2.50363901,5.073112504,1.586843624,,,
8-Aug-16,34.35,34.22,34.88,34.12,7.14M,-0.26,AAL,-0.638792102,-3.876404494,9.820282413,,,
5-Aug-16,34.44,33.71,34.72,33.68,16.44M,2.56,AAL,0.3871352,-5.042253521,12.21704394,,,
4-Aug-16,33.58,33.57,33.77,33,6.38M,0.3,AAL,0.268817204,-7.622454595,14.18367347,,,
3-Aug-16,33.48,33.47,33.96,33.17,8.25M,-0.09,AAL,-0.119367353,-7.541436464,18.05996473,,,
2-Aug-16,33.51,35.39,35.4,33.38,12.10M,-5.87,AAL,-0.58988764,-3.17373461,22.32976149,,,
1-Aug-16,35.6,35.54,35.75,35.1,7.06M,0.28,AAL,0.112676056,-0.726256983,21.17286055,,,
29-Jul-16,35.5,36.26,36.74,35.5,9.14M,-2.31,AAL,-0.220143093,-0.275027503,28.08194984,,,
28-Jul-16,36.34,36.07,36.53,35.75,6.52M,0.39,AAL,-0.359116022,3.175057208,30.2166065,,,
27-Jul-16,36.2,36.5,36.6,35.9,6.67M,-0.96,AAL,-0.136798906,1.614699332,36.34665671,,,
26-Jul-16,36.55,35.91,36.68,35.65,8.87M,2.09,AAL,0.30726257,-0.277700639,42.10526316,,,
25-Jul-16,35.8,36.35,36.4,35.52,9.53M,-1.54,AAL,-0.02750275,0.888148765,34.38077634,,,
22-Jul-16,36.36,36.45,36.56,35.6,14.70M,4,AAL,4.26201373,1.56032321,20.17804154,,,
21-Jul-16,34.96,35.1,35.56,34.44,16.43M,-2.67,AAL,-2.28285078,-2.173913043,17.43057879,,,
20-Jul-16,35.92,36.07,36.73,35.39,13.10M,-0.25,AAL,0.166620383,4.702467344,20.15323118,,,
19-Jul-16,36.01,35.78,36.08,35.33,7.96M,-0.06,AAL,-0.693866223,3.231390652,20.43083137,,,
18-Jul-16,36.03,36.03,36.34,35.76,8.61M,0.39,AAL,0.390080802,15.62901155,22.80163599,,,
15-Jul-16,35.89,35.51,36.06,35.32,9.82M,0.03,AAL,-1.031215162,18.20905459,21.85998627,,,
14-Jul-16,35.88,35.11,36.19,35,16.88M,4.15,AAL,1.915820029,19.42176871,15.15250902,,,
13-Jul-16,34.45,35,35.29,34.12,15.22M,-0.61,AAL,0.980957877,23.45679012,15.28326746,,,
12-Jul-16,34.66,32.78,34.89,32.75,25.52M,11.23,AAL,5.198973042,13.30798479,3.081761006,,,
11-Jul-16,31.16,30.23,31.44,30.22,12.37M,3.73,AAL,0.632490013,3.068530515,-8.78092939,,,
8-Jul-16,30.04,29.8,30.28,29.7,13.66M,2.18,AAL,1.360544218,5.263157895,-10.77844311,,,
7-Jul-16,29.4,28.39,29.47,28.31,11.78M,3.7,AAL,0.141093474,2.490974729,-12.67302369,,,
6-Jul-16,28.35,27.76,28.4,27.12,18.76M,-2,AAL,-4.044244729,3.698169593,-14.21508035,,,
5-Jul-16,28.93,29.09,29.16,28.19,9.47M,-1.36,AAL,-0.818274804,15.11673922,-6.941778631,,,
1-Jul-16,29.33,28.26,29.52,28.2,13.25M,3.6,AAL,-0.176616037,4.473197782,-8.276533593,,,
30-Jun-16,28.31,27.86,28.31,27.49,11.15M,2.2,AAL,0.577617329,-8.143752061,-12.0303126,,,
29-Jun-16,27.7,26.94,28.07,26.94,15.01M,3.47,AAL,0.635039223,-9.869521579,-15.68075117,,,
28-Jun-16,26.77,26.12,26.88,25.76,20.03M,5.94,AAL,3.363672339,-12.99133911,-18.1447822,,,
27-Jun-16,25.27,26.85,26.85,24.85,23.20M,-6.58,AAL,-0.739371534,-9.626388421,-15.16587678,,,
24-Jun-16,27.05,28.2,28.5,27.04,36.05M,-10.81,AAL,-7.022749753,-3.885480573,-10.50460171,,,
23-Jun-16,30.33,30.25,30.49,29.77,9.14M,1.47,AAL,1.204416193,3.80919698,-5.968293441,,,
22-Jun-16,29.89,30.05,30.33,29.82,6.68M,-0.43,AAL,0.099933378,-1.443096097,-6.531881804,,,
21-Jun-16,30.02,30.29,30.39,29.69,8.92M,1.04,AAL,1.952204645,-0.230566535,-4.538291837,,,
20-Jun-16,29.71,29.75,30.39,29.64,8.36M,1.26,AAL,1.39740968,-6.446540881,-7.060293658,,,
17-Jun-16,29.34,29.1,29.55,28.85,15.30M,0.69,AAL,-0.13726836,-12.1907061,-9.486780715,,,
16-Jun-16,29.14,29.8,29.8,29.02,18.24M,-4.43,AAL,-2.263037061,-10.77844311,-8.616988654,,,
15-Jun-16,30.49,30.65,31.1,30.45,8.15M,0.43,AAL,0.955204216,-5.721316518,-6.096813725,,,
14-Jun-16,30.36,31.81,31.97,30.02,13.80M,-4.53,AAL,0.031446541,-1.699629172,-0.96513076,,,
13-Jun-16,31.8,32.99,32.99,31.64,9.23M,-4.04,AAL,-0.452625226,5.534229047,4.696921612,,,
10-Jun-16,33.14,32.8,33.48,32.64,8.25M,-0.78,AAL,-1.796407186,6.458941902,4.691988509,,,
9-Jun-16,33.4,32.25,33.58,32.25,8.19M,2.74,AAL,-0.799753922,1.83138617,-1.856360316,,,
8-Jun-16,32.51,32.63,32.97,32.22,8.17M,0.46,AAL,0.834363412,2.128325509,-3.375777317,,,
7-Jun-16,32.36,31.46,32.87,31.1,12.42M,3.52,AAL,0.639795266,-1.410216233,-4.493017608,,,
6-Jun-16,31.26,30.77,31.3,30.38,8.34M,1.46,AAL,-0.129827978,-2.780410742,-6.842264608,,,
3-Jun-16,30.81,31.59,31.6,30.37,12.42M,-2.72,AAL,-0.252604989,0.253887655,-3.68902439,,,
2-Jun-16,31.67,31.67,32.07,31.58,6.81M,-0.88,AAL,-0.876369327,-1.554243084,-4.637157483,,,
1-Jun-16,31.95,31.94,32.26,31.73,6.42M,0.13,AAL,0.094014416,-0.65318818,-7.634470792,,,
31-May-16,31.91,31.75,31.97,31.33,9.62M,0.82,AAL,0.315955766,0.063031831,-7.783909381,,,
27-May-16,31.65,31.6,31.84,31.41,8.57M,0.44,AAL,0.285623612,-1.280849734,-8.907466129,,,
26-May-16,31.51,32.13,32.34,31.37,7.22M,-2.05,AAL,-0.124339447,-0.062208398,-10.67556297,,,
25-May-16,32.17,32.39,32.9,32.1,7.40M,0.06,AAL,0.746500778,-0.674639681,-11.76791065,,,
24-May-16,32.15,31.89,32.27,31.85,6.96M,1.32,AAL,0.504254649,-2.297794118,-13.624052,,,
23-May-16,31.73,32.03,32.29,31.7,6.50M,-0.87,AAL,0.062480475,-0.280199253,-13.43243243,,,
20-May-16,32.01,32.3,32.81,31.95,7.28M,-0.44,AAL,0.466562986,2.50714059,-15.46715519,,,
19-May-16,32.15,32.28,32.59,31.69,8.88M,-1.41,AAL,-1.011959522,3.032237472,-19.32016996,,,
18-May-16,32.61,32.61,33.36,32.34,9.14M,-0.09,AAL,-0.091911765,-0.760803408,-20.96461464,,,
17-May-16,32.64,32.25,33.29,32.02,13.30M,1.62,AAL,0.404732254,-4.501036423,-21.98838897,,,
16-May-16,32.12,31.81,32.3,30.99,12.40M,1.94,AAL,0.952078705,-3.43047966,-22.2629521,,,
13-May-16,31.51,31.09,32.01,31.08,10.13M,0.57,AAL,-0.76603894,-5.87344838,-24.00391102,,,
12-May-16,31.33,33.01,33.02,31.29,14.23M,-4.66,AAL,0.456482045,0.640243902,-19.82025747,,,
11-May-16,32.86,33.68,34.04,32.85,8.15M,-2.69,AAL,-0.266508736,1.415236375,-15.67351027,,,
10-May-16,33.77,33.24,33.8,33.09,8.12M,2.52,AAL,0.910746812,-3.875072296,-15.1824445,,,
9-May-16,32.94,33.03,33.8,32.94,9.31M,-0.27,AAL,0,-4.066221319,-14.71727343,,,
6-May-16,33.03,32.67,33.15,32.19,12.75M,0.7,AAL,-0.396341463,-5.823003747,-15.14285714,,,
5-May-16,32.8,33.28,33.52,32.73,11.61M,-1.23,AAL,0.210779886,-7.478454267,-13.24296142,,,
4-May-16,33.21,34.17,34.3,33,13.41M,-3.96,AAL,-1.185656449,-6.919095614,-12.15938303,,,
3-May-16,34.58,34.76,34.77,33.85,10.67M,0.44,AAL,0.958466454,-5.850487541,-10.71153352,,,
2-May-16,34.43,34.99,35.16,34.4,8.83M,-0.75,AAL,0.864802537,-5.432432432,-11.12522225,,,
29-Apr-16,34.69,35.81,35.83,34.1,17.81M,-3.56,AAL,-0.444815124,-6.281078252,-9.387651822,,,
28-Apr-16,35.97,37.04,37.09,35.89,9.84M,-2.02,AAL,0.898937619,-7.423144214,-9.680565716,,,
27-Apr-16,36.71,36.79,37.29,36.52,12.31M,-0.57,AAL,-0.352112676,-10.83373728,-11.09231513,,,
26-Apr-16,36.92,37.27,37.49,36.26,14.69M,-0.22,AAL,0.72972973,-9.84518626,-9.866989117,,,
25-Apr-16,37,38.16,38.4,36.91,12.67M,-3.17,AAL,-0.130855797,-6.744868035,-6.722072843,,,
22-Apr-16,38.21,37.68,38.49,37.01,20.94M,-4.5,AAL,-5.823544114,-7.895380103,-6.962962963,,,
21-Apr-16,40.01,40.8,40.93,39.8,10.78M,-3.03,AAL,-1.114881241,-0.898712655,-2.671755725,,,
20-Apr-16,41.26,41.36,41.71,41.11,5.02M,-0.19,AAL,0.048379294,3.555332999,-3.274087933,,,
19-Apr-16,41.34,40.99,41.76,40.97,6.65M,1.03,AAL,0.171065494,4.593008421,-5.705083966,,,
18-Apr-16,40.92,41.18,41.26,40.44,5.25M,0.02,AAL,0.659985334,6.325845598,-5.202578269,,,
15-Apr-16,40.91,41.3,41.36,40.72,6.98M,-0.63,AAL,0.315763906,7.272727273,-1.90023753,,,
14-Apr-16,41.17,40.34,41.66,40.25,10.13M,3.08,AAL,1.001502253,5.161626694,-4.656109667,,,
13-Apr-16,39.94,39.3,40.01,38.89,12.49M,1.91,AAL,0.280683848,1.028277635,-6.672999288,,,
12-Apr-16,39.19,38.82,39.43,38.76,6.43M,1.19,AAL,0.232378002,-0.282558438,-8.851843156,,,
11-Apr-16,38.73,38.79,39.55,38.67,7.93M,0.6,AAL,0.753246753,-1.473202946,-8.664939958,,,
8-Apr-16,38.5,38.7,38.72,38.12,6.09M,0.36,AAL,0.886339937,-2.074898785,-7.03819361,,,
7-Apr-16,38.36,38.66,39.05,37.91,8.21M,-1.39,AAL,-0.616966581,-5.730309681,-7.178871549,,,
6-Apr-16,38.9,39.07,39.07,38.34,5.65M,-0.08,AAL,0.35961983,-5.58240696,-4.169732647,,,
5-Apr-16,38.93,39.13,39.38,38.74,7.65M,-1.12,AAL,-0.609601219,-5.368802902,-7.12081652,,,
4-Apr-16,39.37,39.81,40.24,39.15,7.83M,-0.38,AAL,0.733805668,-2.688829137,-4.371847226,,,
1-Apr-16,39.52,40.13,40.16,39.27,11.24M,-3.63,AAL,-2.145818093,-0.913580247,-4.17860554,,,
31-Mar-16,41.01,41.5,41.68,40.98,8.14M,-0.89,AAL,0.289995167,-1.001908397,-0.216398173,,,
30-Mar-16,41.38,41.75,42.07,41.36,6.08M,0.07,AAL,0.967351874,-2.36202058,-0.191250299,,,
29-Mar-16,41.35,40.9,41.43,40.77,6.79M,1.08,AAL,-0.024443901,-5.912123303,-0.243902439,,,
28-Mar-16,40.91,41,41.34,40.33,6.40M,1.01,AAL,1.234567901,-5.61694291,0.244498778,,,
24-Mar-16,40.5,41.88,41.95,40.19,12.52M,-3.39,AAL,-0.095419847,-0.522565321,2.471250306,,,
23-Mar-16,41.92,42.8,42.86,41.58,9.58M,-1.96,AAL,0.09354537,1.158118648,3.481624758,,,
22-Mar-16,42.76,42,43.02,41.84,6.72M,-1.63,AAL,-3.381642512,-0.261220613,3.295622233,,,
21-Mar-16,43.47,43.32,43.78,43.28,4.76M,0.07,AAL,-0.276243094,1.714017375,7.280832095,,,
18-Mar-16,43.44,42.31,43.53,41.75,13.75M,3.18,AAL,0.498812352,-0.37673652,3.599412341,,,
17-Mar-16,42.1,42.31,42.31,41.82,5.96M,-0.5,AAL,0,1.633437425,6.413480885,,,
16-Mar-16,42.31,41.81,42.43,41.59,4.79M,0.47,AAL,-0.712419853,0.384153661,5.74102175,,,
15-Mar-16,42.11,42.3,42.49,41.98,4.45M,-1.13,AAL,-0.680911012,3.752759382,7.524148449,,,
14-Mar-16,42.59,42.31,42.7,42.12,4.57M,0.28,AAL,-0.37673652,0.427248991,9.583009583,,,
11-Mar-16,42.47,41.89,42.5,41.7,5.70M,2.02,AAL,0.624549604,0.624549604,10.76150185,,,
10-Mar-16,41.63,42.11,42.11,40.91,5.81M,-0.05,AAL,1.104441777,0.549188157,15.40147986,,,
9-Mar-16,41.65,40.74,41.72,40.52,8.55M,2.16,AAL,-0.073583517,-2.043760519,9.752155172,,,
8-Mar-16,40.77,41.3,41.41,40.05,8.42M,-3.23,AAL,-1.970092571,-1.26703323,14.11992263,,,
7-Mar-16,42.13,41.31,42.23,40.9,6.96M,1.2,AAL,-0.768676435,0.756097561,16.20253165,,,
4-Mar-16,41.63,42.17,42.17,41.42,9.47M,-0.6,AAL,0.692454632,3.105134474,14.74829932,,,
3-Mar-16,41.88,41.52,42.24,41.23,8.81M,0.7,AAL,-0.16830969,1.590408613,8.662653756,,,
2-Mar-16,41.59,41.47,41.8,41.29,7.91M,-0.57,AAL,-0.860626345,0.265957447,10.55718475,,,
1-Mar-16,41.83,41.44,42.02,41.06,7.89M,2.02,AAL,1.073170732,1.91834727,11.90926276,,,
29-Feb-16,41,40.77,41.34,40.5,5.79M,0.24,AAL,-0.317848411,0.965824666,3.529710513,,,
27-Feb-16,40.9,40.9,40.9,40.9,0,0.07,AAL,0.073403474,0.146914789,4.898691972,,,
26-Feb-16,40.87,41.5,41.6,40.38,7.47M,-1.18,AAL,0.338491296,4.376257545,8.809648663,,,
25-Feb-16,41.36,40.76,41.38,40.41,6.94M,1.72,AAL,0.245941958,3.085483055,2.695893172,,,
24-Feb-16,40.66,40.02,40.83,39.39,6.10M,0.69,AAL,-0.891530461,1.72852059,0.958627649,,,
23-Feb-16,40.38,40.56,40.81,40.17,6.43M,-1.13,AAL,-0.685602351,5.050505051,4.320987654,,,
22-Feb-16,40.84,40.14,40.93,40.07,10.00M,2.72,AAL,0.955734406,6.134320465,-0.049800797,,,
19-Feb-16,39.76,39.16,40.07,39.04,11.05M,0.56,AAL,-0.961052099,7.317073171,-1.58331239,,,
18-Feb-16,39.54,39.36,39.68,38.96,9.61M,0.51,AAL,0.050838841,6.034482759,0.768049155,,,
17-Feb-16,39.34,38.95,39.83,38.87,8.43M,1.89,AAL,0.880600881,7.626416137,0.231600618,,,
16-Feb-16,38.61,38.13,38.77,37.53,7.15M,2.09,AAL,0.819672131,7.257383966,-1.625386997,,,
12-Feb-16,37.82,36.92,37.98,36.42,9.41M,3.64,AAL,1.178405042,0.462585034,-8.951911221,,,
11-Feb-16,36.49,36.47,37.22,36.17,8.10M,-1.7,AAL,-1.751077586,-4.553781733,-9.052369077,,,
10-Feb-16,37.12,36.57,37.64,36.53,8.11M,2.57,AAL,1.050013816,-2.5059984,-12.92857143,,,
9-Feb-16,36.19,34.93,36.75,34.91,11.14M,1.8,AAL,-1.744022504,-5.671077505,-14.9707887,,,
8-Feb-16,35.55,36.08,36.16,34.76,12.82M,-3.27,AAL,-1.823129252,-8.379888268,-10.626703,,,
5-Feb-16,36.75,37.71,38.49,36.53,10.07M,-3.82,AAL,-1.308557969,-3.282893049,-6.773794808,,,
4-Feb-16,38.21,37.34,38.6,36.7,8.60M,1.87,AAL,-0.453212477,-2.097535396,-9.434877516,,,
3-Feb-16,37.51,37.38,37.61,35.76,12.39M,1.3,AAL,0.945179584,-5.82010582,-7.749259625,,,
2-Feb-16,37.03,38.83,38.97,37,12.40M,-5.97,AAL,-1.396648045,-2.043390515,-5.084331459,,,
1-Feb-16,39.38,39,39.94,38.63,12.02M,1,AAL,0.025647602,0.308641975,-7.910271547,,,
29-Jan-16,38.99,37.52,39.09,36.6,20.96M,2.23,AAL,-1.625589932,-6.573705179,-12.3364486,,,
28-Jan-16,38.14,39.61,39.79,37.66,17.11M,-3.91,AAL,-0.201562106,-0.452374969,-8.942528736,,,
27-Jan-16,39.69,40.15,40.87,39.48,10.19M,0.13,AAL,1.286579213,2.790578597,-7.124681934,,,
26-Jan-16,39.64,38.73,39.75,38.44,8.10M,1.95,AAL,-0.385802469,-0.334534225,-11.59552614,,,
25-Jan-16,38.88,40.02,40.16,38.82,10.11M,-3.19,AAL,-0.348605578,3.250773994,-7.553707554,,,
22-Jan-16,40.16,40,40.72,39.57,7.25M,0.93,AAL,0.527770797,-1.356350185,-6.75990676,,,
21-Jan-16,39.79,38.93,40,38.02,9.78M,1.87,AAL,-0.332821301,-2.917705736,-8.183962264,,,
20-Jan-16,39.06,38.53,39.84,36.2,16.09M,0.51,AAL,-0.849202265,-8.261904762,-6.230226332,,,
19-Jan-16,38.86,39.59,39.78,38.21,10.51M,0.26,AAL,2.141382869,-3.627069133,-6.759302873,,,
15-Jan-16,38.76,39.04,39.89,38.37,18.92M,-4.41,AAL,-3.723797781,-3.294525638,-9.62962963,,,
14-Jan-16,40.55,40.21,40.78,38.86,11.76M,1.12,AAL,0.274314214,-0.593325093,-5.588166236,,,
13-Jan-16,40.1,42.17,42.74,39.66,12.72M,-4.52,AAL,0.404761905,2.279893282,0.95762509,,,
12-Jan-16,42,41.15,42.36,40.48,12.64M,2.24,AAL,0.170399221,1.554787759,-2.233309575,,,
11-Jan-16,41.08,40.56,41.2,39.9,15.88M,1.76,AAL,0.47064652,-0.855536544,-8.006350646,,,
8-Jan-16,40.37,40.94,41.36,40.26,8.85M,-0.2,AAL,1.211372064,-3.329397875,-6.208476518,,,
7-Jan-16,40.45,40.97,41.52,39.68,11.31M,-1.89,AAL,-0.63060878,-4.275700935,-8.035914703,,,
6-Jan-16,41.23,40.05,41.7,40,12.39M,1.75,AAL,-1.159921027,-7.931034483,-12.5163827,,,
5-Jan-16,40.52,41.18,41.49,39.95,10.51M,-0.95,AAL,0.659985334,-4.742077261,-8.427840783,,,
4-Jan-16,40.91,41.29,41.35,40.3,12.04M,-3.4,AAL,-2.502951594,-5.75211139,-4.57591865,,,
31-Dec-15,42.35,42.54,42.57,41.83,6.81M,-1.05,AAL,-0.607476636,-1.732501733,-2.921040621,,,
30-Dec-15,42.8,43.64,43.64,42.46,5.46M,-1.61,AAL,0.32183908,1.724941725,0.878409616,,,
29-Dec-15,43.5,43.25,43.62,43.03,4.01M,0.62,AAL,0.046264168,2.004716981,4.823073194,,,
28-Dec-15,43.23,43.62,44.04,42.91,4.15M,-1.32,AAL,-0.433690938,6.157215868,4.629407532,,,
24-Dec-15,43.81,43.27,44.19,43.11,3.31M,1.2,AAL,-0.046200046,1.907677814,4.744613895,,,
23-Dec-15,43.29,42.78,43.38,42.43,6.09M,0.91,AAL,-0.27972028,-0.972222222,3.759398496,,,
22-Dec-15,42.9,42.56,43.08,42.36,5.70M,1.18,AAL,0.377358491,-0.07043907,0.61465721,,,
21-Dec-15,42.4,41.35,42.43,41.35,6.60M,3.19,AAL,0.632757362,-1.005506344,-2.014218009,,,
18-Dec-15,41.09,41.61,42.31,40.7,17.81M,-3.23,AAL,-2.001884126,-1.1404134,-1.631205674,,,
17-Dec-15,42.46,43.33,43.95,42.45,7.22M,-1.71,AAL,0.300925926,-1.723746881,3.784431138,,,
16-Dec-15,43.2,42.99,43.49,42.12,7.85M,1.43,AAL,0.939187603,-1.512027491,1.631205674,,,
15-Dec-15,42.59,41.97,42.82,41.92,7.10M,1.96,AAL,0.478812545,-5.791245791,-2.007938361,,,
14-Dec-15,41.77,42.26,42.87,41.08,10.78M,-0.76,AAL,0.403896412,-7.688947138,-2.738780207,,,
11-Dec-15,42.09,43.28,43.59,42.06,10.24M,-4.54,AAL,-1.837151281,-3.75806093,-1.412300683,,,
10-Dec-15,44.09,43.79,44.48,43.54,7.96M,1.01,AAL,0.320733104,1.201756413,-1.351655778,,,
9-Dec-15,43.65,44.3,45.19,43.19,8.00M,-2.02,AAL,-0.561167228,1.095390233,-0.427062261,,,
8-Dec-15,44.55,45.1,45.51,44.07,9.04M,-2.69,AAL,-1.485364788,4.253351826,1.007838746,,,
7-Dec-15,45.78,45.35,46.49,45.22,8.91M,1.8,AAL,0.845007783,9.912748425,0.02205558,,,
4-Dec-15,44.97,43.82,44.99,43.82,9.46M,3.93,AAL,1.271088514,5.109138882,-3.903508772,,,
3-Dec-15,43.27,43.65,44.6,42.92,7.24M,-1.26,AAL,-0.387950707,5.664488017,-4.339250493,,,
2-Dec-15,43.82,44.09,44.53,43.53,8.01M,1.29,AAL,1.91863153,6.93669658,-5.182795699,,,
1-Dec-15,43.26,41.47,43.3,41.3,8.91M,4.85,AAL,0.508967523,-1.962174941,-10.75962987,,,
30-Nov-15,41.26,41.75,41.99,40.98,6.45M,-1.03,AAL,0.143919405,-1.066350711,-9.671138035,,,
27-Nov-15,41.69,41.38,42.25,41.17,3.07M,0.92,AAL,0.169450496,-2.174940898,-9.768861753,,,
25-Nov-15,41.31,41.35,41.5,40.96,4.28M,0.19,AAL,0.291050206,-0.958083832,-9.834278238,,,
24-Nov-15,41.23,41.02,41.64,40.45,7.58M,-2.53,AAL,-3.026004728,-3.026004728,-11.70899699,,,
23-Nov-15,42.3,42.11,42.74,41.81,4.17M,0.24,AAL,-0.213270142,-1.681064674,-9.382397246,,,
20-Nov-15,42.2,42.4,42.71,42.05,5.66M,-0.24,AAL,0.236406619,-2.416570771,-7.160061309,,,
19-Nov-15,42.3,41.94,42.73,41.89,6.55M,1.32,AAL,0.45508982,-4.464692483,-8.806262231,,,
18-Nov-15,41.75,42.32,42.32,41.01,11.07M,-1.3,AAL,0.047281324,-4.663212435,-4.491085534,,,
17-Nov-15,42.3,43,43.46,42.05,9.60M,-1.24,AAL,0.396918048,-3.349067206,-3.996427774,,,
16-Nov-15,42.83,42.41,42.84,41.85,10.20M,-1.43,AAL,-2.393555811,-5.016797312,-4.589426322,,,
13-Nov-15,43.45,43.67,44.23,43.12,7.49M,-1.03,AAL,-0.523917995,-3.68328187,-0.09151224,,,
12-Nov-15,43.9,44.29,44.52,43.82,5.95M,-1.1,AAL,-0.225275963,-2.872807018,-0.382366172,,,
11-Nov-15,44.39,44.76,44.95,44.37,4.42M,-0.22,AAL,0.60687795,-1.906640368,2.191780822,,,
10-Nov-15,44.49,44.66,45.16,44.02,5.94M,-0.36,AAL,0.022396417,-3.956989247,2.879520848,,,
9-Nov-15,44.65,45.17,45.21,44.56,7.21M,-1.52,AAL,-0.374944861,-2.797503766,3.033759124,,,
6-Nov-15,45.34,45.51,45.97,45.05,11.67M,-0.57,AAL,-0.197368421,-1.536131545,7.284299859,,,
5-Nov-15,45.6,45.7,45.83,45.03,5.87M,-0.07,AAL,0.153407846,-0.34888792,14.99748364,,,
4-Nov-15,45.63,46.42,46.45,45.15,8.08M,-1.87,AAL,-0.172043011,1.221107719,18.08700076,,,
3-Nov-15,46.5,47.02,47.09,46.08,6.98M,0.06,AAL,1.183559286,1.205337925,23.31497509,,,
2-Nov-15,46.47,46.2,46.82,46.2,6.19M,0.54,AAL,-0.043271311,-0.581020013,14.95396865,,,
30-Oct-15,46.22,45.77,46.77,45.71,8.59M,0.78,AAL,-0.196249455,0.21896212,18.48304427,,,
29-Oct-15,45.86,45.63,46.1,45.21,5.23M,0,AAL,-0.501526385,-0.782778865,16.40306122,,,
28-Oct-15,45.86,46.2,46.36,45.23,7.63M,-1.29,AAL,-0.55962118,4.265402844,18.98016997,,,
27-Oct-15,46.46,46.41,46.69,45.65,6.82M,-0.02,AAL,-0.129115558,3.616878768,18.4532925,,,
26-Oct-15,46.47,45.36,46.57,44.99,11.03M,1.75,AAL,-0.678782571,2.047244094,16.06960082,,,
23-Oct-15,45.67,46.37,46.42,43.81,20.28M,-0.7,AAL,0.82626658,6.085563944,15.23359841,,,
22-Oct-15,45.99,44.89,46.01,44.36,14.44M,3.79,AAL,1.308959603,0.967161493,11.52795031,,,
21-Oct-15,44.31,44.49,45.18,44.09,6.94M,-1.07,AAL,-0.669792364,1.575342466,7.880698351,,,
20-Oct-15,44.79,44.54,45.18,44.45,7.61M,0.76,AAL,0.202474691,2.603086846,8.133042,,,
19-Oct-15,44.45,43.83,44.49,43.62,8.93M,1.69,AAL,0.274536719,-0.022810219,1.387925052,,,
16-Oct-15,43.71,43.95,44.02,42.86,11.57M,-1.69,AAL,-1.147098516,3.60678925,1.057714417,,,
15-Oct-15,44.46,44.1,44.48,43.5,8.19M,1.51,AAL,0.684931507,10.97131354,0.250056831,,,
14-Oct-15,43.8,44,44.5,43.23,11.13M,0.9,AAL,1.35913384,11.93080641,2.183000464,,,
13-Oct-15,43.41,42.7,43.97,42.52,13.25M,-0.98,AAL,-2.600364964,11.9853134,0.140712946,,,
12-Oct-15,43.84,42.59,43.88,42.55,11.44M,3.35,AAL,0.400754361,5.971634735,0.709387562,,,
9-Oct-15,42.42,40.27,42.49,40.25,16.84M,6.74,AAL,1.333668848,4.245405126,-4.460260973,,,
8-Oct-15,39.74,39.21,40.03,38.7,8.31M,1.09,AAL,-0.254388196,0.025510204,-4.853190973,,,
7-Oct-15,39.31,38.41,39.41,37.76,10.51M,3.09,AAL,0.734329924,-1.081637909,-6.317073171,,,
6-Oct-15,38.13,39.95,40.37,38.08,13.03M,-5.13,AAL,-0.597163474,1.965288412,-2.083333333,,,
5-Oct-15,40.19,38.9,40.3,38.82,9.42M,4.04,AAL,0.698938649,-0.460593654,-4.187192118,,,
2-Oct-15,38.63,38.75,38.77,37.42,12.28M,-1.45,AAL,-1.147959184,-3.7027833,-5.233553436,,,
1-Oct-15,39.2,38.5,39.27,37.84,9.18M,0.95,AAL,-0.849858357,-4.347826087,-7.251264755,,,
30-Sep-15,38.83,39.18,39.68,37.72,15.82M,-0.89,AAL,0,-4.995150339,-0.051020408,,,
29-Sep-15,39.18,39.05,39.77,38.79,7.48M,0.26,AAL,-0.076765609,-5.195435785,0.179579271,,,
28-Sep-15,39.08,39.87,40.18,38.64,9.64M,-2.88,AAL,-0.919483101,-7.772380291,3.23666494,,,
25-Sep-15,40.24,40.93,41.03,39.92,7.52M,-0.02,AAL,1.689440994,-5.886410669,4.868050218,,,
24-Sep-15,40.25,41.15,41.15,39.91,10.51M,-2.4,AAL,-0.218234724,-6.45601273,5.92020592,,,
23-Sep-15,41.24,41.32,41.5,40.5,8.25M,0.12,AAL,0.315610585,-4.0408732,10.18666667,,,
22-Sep-15,41.19,42.77,43.08,40.92,12.48M,-4.72,AAL,-1.064075873,0.304878049,13.68952685,,,
21-Sep-15,43.23,43.72,44.01,42.88,6.69M,-0.6,AAL,0.528857209,3.381414046,9.987421384,,,
18-Sep-15,43.49,43.43,44.03,43.27,12.45M,-1.14,AAL,-1.273016595,3.036773428,3.454025727,,,
17-Sep-15,43.99,43.11,44.59,42.99,12.84M,2.16,AAL,0.116117046,4.610531424,-0.964851826,,,
16-Sep-15,43.06,42.4,43.25,42.24,7.70M,0.98,AAL,-0.562851782,3.414634146,-2.819161128,,,
15-Sep-15,42.64,42.36,42.85,41.89,7.01M,0.83,AAL,0.165523764,3.823529412,-3.61774744,,,
14-Sep-15,42.29,42.17,42.5,41.84,7.36M,0.33,AAL,0.047449585,3.866995074,-1.655783582,,,
11-Sep-15,42.15,41.22,42.15,41.05,8.64M,2.28,AAL,0.024265955,0.807043287,-3.398172018,,,
10-Sep-15,41.21,41.39,41.88,40.71,9.18M,0.51,AAL,0.951219512,-0.289086967,-2.657572907,,,
9-Sep-15,41,41.15,42.18,40.63,12.48M,0.49,AAL,0.857843137,4.974489796,-3.629976581,,,
8-Sep-15,40.8,41.28,41.58,40.69,10.81M,0.49,AAL,1.674876847,5.900461775,-0.959692898,,,
4-Sep-15,40.6,40.4,41.32,40.15,9.74M,-0.71,AAL,-1.198337002,4.609010875,-2.62713907,,,
3-Sep-15,40.89,41.84,41.91,40.78,9.91M,-1.49,AAL,0.794989159,7.199590059,-0.806069227,,,
2-Sep-15,41.51,39.97,41.51,39.8,19.32M,5.89,AAL,1.964285714,2.882882883,-6.959962756,,,
1-Sep-15,39.2,38.63,39.81,38.5,16.04M,0.56,AAL,-0.897896357,3.013333333,-9.616284511,,,
31-Aug-15,38.98,38.63,39.76,38.62,12.41M,0.93,AAL,0.02589332,2.684742158,-7.384320307,,,
28-Aug-15,38.62,38.93,39.58,38.35,11.82M,-1.05,AAL,-0.256213169,-2.062893082,-2.917705736,,,
27-Aug-15,39.03,39.17,39.45,37.97,13.79M,0.46,AAL,0.823680824,-6.693663649,-2.731561957,,,
26-Aug-15,38.85,38.77,39.01,36.97,15.68M,3.6,AAL,3.386666667,-10.93498737,-4.812177756,,,
25-Aug-15,37.5,39.39,39.49,37.49,12.82M,-0.32,AAL,4.704944179,-9.718083887,-4.323536556,,,
24-Aug-15,37.62,36,39.9,34.1,19.61M,-5.36,AAL,-9.433962264,-18.0887372,-10.31390135,,,
21-Aug-15,39.75,41.4,41.6,39.75,16.24M,-5.31,AAL,-1.381610291,-3.451492537,4.466313399,,,
20-Aug-15,41.98,42.84,43.52,41.78,8.91M,-3.56,AAL,-1.585113715,0.398406375,0.539779395,,,
19-Aug-15,43.53,43.53,44.27,43.21,8.37M,-0.23,AAL,-0.229200092,2.375352775,5.068790731,,,
18-Aug-15,43.63,44.06,44.45,43.24,6.32M,-0.73,AAL,0.250284414,3.18501171,7.726161369,,,
17-Aug-15,43.95,42.96,44.02,42.82,8.39M,2.5,AAL,0.186567164,3.071017274,5.943279901,,,
14-Aug-15,42.88,42.35,43.17,42.35,4.86M,0.49,AAL,-0.749941411,2.072788624,2.29468599,,,
13-Aug-15,42.67,42.76,43.27,42.27,6.61M,0.35,AAL,0.564440263,1.37505927,3.309978256,,,
12-Aug-15,42.52,42.37,42.68,40.68,10.43M,-0.42,AAL,-0.772833724,-1.373370577,1.998074145,,,
11-Aug-15,42.7,41.74,43.42,41.65,10.38M,2.45,AAL,0.143953935,-2.339728591,-0.760817879,,,
10-Aug-15,41.68,41.75,42.43,41.45,6.86M,0.46,AAL,0.626657026,0.095900264,-1.579443659,,,
7-Aug-15,41.49,42.21,42.48,41.4,5.59M,-1.64,AAL,0.071123755,5.261845387,2.426595487,,,
6-Aug-15,42.18,43.25,43.45,41.76,7.40M,-1.82,AAL,0.675046555,7.400049665,9.024451727,,,
5-Aug-15,42.96,42.85,43.3,42.59,7.58M,0.51,AAL,0.257370145,5.205008593,9.005342152,,,
4-Aug-15,42.74,42.15,42.77,41.88,13.35M,2.47,AAL,1.054902901,2.380374059,3.63904598,,,
3-Aug-15,41.71,40.24,41.85,40.21,9.26M,4.01,AAL,0.349127182,0.249128052,1.283664737,,,
31-Jul-15,40.1,40.53,40.54,39.88,6.96M,-0.42,AAL,0.645641917,2.271006813,3.84319754,,,
30-Jul-15,40.27,40.58,40.93,39.92,5.86M,-1.13,AAL,-0.36827891,-4.764139873,4.587628866,,,
29-Jul-15,40.73,41.09,41.33,40.44,6.80M,-1.07,AAL,-0.19431625,-0.820661357,2.879318978,,,
28-Jul-15,41.17,40.18,41.38,40.18,8.19M,2.57,AAL,0.099651221,-1.760391198,1.081761006,,,
27-Jul-15,40.14,39.63,40.81,38.9,12.07M,1.29,AAL,0,-2.268803946,-4.367760618,,,
24-Jul-15,39.63,43,43.11,39.62,20.15M,-6.99,AAL,0.915278104,3.8647343,1.799242424,,,
23-Jul-15,42.61,42.78,43.81,42,16.58M,2.85,AAL,3.258508327,3.358299106,1.278409091,,,
22-Jul-15,41.43,40.96,41.61,40.96,8.30M,1.3,AAL,0.146699267,-1.396244584,-4.14228879,,,
21-Jul-15,40.9,40.5,41.3,40.49,7.30M,0.86,AAL,-0.123304562,-3.708987161,-5.879618871,,,
20-Jul-15,40.55,41.55,41.71,40.44,7.65M,-2.05,AAL,0.362318841,-2.050919378,-0.024061598,,,
17-Jul-15,41.4,41.45,41.84,41.24,9.74M,0.02,AAL,0.144962551,0.582382917,3.676838419,,,
16-Jul-15,41.39,41.81,42.22,41.3,12.11M,-0.36,AAL,0.649975927,5.394504663,4.839518556,,,
15-Jul-15,41.54,41.39,42.22,40.39,17.92M,-1.24,AAL,-1.592962435,5.291274485,4.837892604,,,
14-Jul-15,42.06,42.04,42.46,41.29,12.70M,-0.85,AAL,-0.895803866,3.368576346,4.916396306,,,
13-Jul-15,42.42,41.96,42.72,41.96,12.08M,2.94,AAL,1.819946615,5.612886987,3.095823096,,,
10-Jul-15,41.21,40.51,41.64,40.5,16.45M,3.88,AAL,2.11746912,3.791954906,1.224387806,,,
9-Jul-15,39.67,39.84,40.28,39.66,8.49M,0.92,AAL,1.348257441,2.680412371,-1.459312392,,,
8-Jul-15,39.31,40.3,40.31,39.14,11.19M,-3.34,AAL,-0.909761495,0.901352028,-0.074386313,,,
7-Jul-15,40.67,39.93,40.74,39.26,10.38M,2.37,AAL,0.503397936,0.452830189,0.175614651,,,
6-Jul-15,39.73,39.09,40,39.08,9.16M,1.79,AAL,0.153727902,-5.670849421,-6.303930968,,,
2-Jul-15,39.03,39.02,39.8,38.4,11.08M,0.59,AAL,0.567010309,-7.623106061,-7.469765236,,,
1-Jul-15,38.8,40.65,40.9,37.8,24.91M,-2.85,AAL,1.7776665,-3.764204545,-5.750057964,,,
30-Jun-15,39.94,40.2,40.6,39.93,11.18M,0.48,AAL,1.132075472,-5.920898666,-8.156271419,,,
29-Jun-15,39.75,40.77,41.32,39.59,17.65M,-4.08,AAL,-1.616795367,-5.252149663,-7.718424627,,,
26-Jun-15,41.44,42.44,42.58,41.33,9.82M,-1.89,AAL,0.473484848,2.117420597,0.165211234,,,
25-Jun-15,42.24,42.65,43.42,42.2,8.17M,0,AAL,0.970643939,6.67833917,1.620204908,,,
24-Jun-15,42.24,42.7,42.92,42.07,6.90M,-1.15,AAL,-0.070208285,7.071213641,1.089015152,,,
23-Jun-15,42.73,42.98,43.42,42.35,10.70M,-0.7,AAL,-0.116198001,8.865248227,3.441636582,,,
22-Jun-15,43.03,42.92,43.25,42.24,15.12M,3.54,AAL,3.272377286,7.112553032,0.727528749,,,
19-Jun-15,41.56,40.3,41.89,40.3,20.20M,3.95,AAL,0.8004002,-0.982800983,-5.109489051,,,
18-Jun-15,39.98,39.8,40.22,39.61,10.65M,0.25,AAL,-0.200601805,-0.549725137,-7.570831398,,,
17-Jun-15,39.88,39.27,40.09,38.91,9.57M,1.01,AAL,-0.531914894,-2.869156567,-17.93103448,,,
16-Jun-15,39.48,40.13,40.32,39.32,9.21M,-1.47,AAL,0.149737959,-0.495908753,-18.10204082,,,
15-Jun-15,40.07,40.35,41,40.01,8.83M,-1.55,AAL,-0.85995086,1.229302559,-17.07768187,,,
12-Jun-15,40.7,39.84,40.99,39.76,10.33M,1.7,AAL,-0.449775112,-4.506232023,-18.37738168,,,
11-Jun-15,40.02,40.79,41.26,39.94,10.12M,-1.01,AAL,0.8904279,-3.27246858,-15.8795628,,,
10-Jun-15,40.43,40.21,41.21,39.7,15.73M,0.25,AAL,-0.297545252,-6.770229539,-17.68679632,,,
9-Jun-15,40.33,38.8,40.72,38.45,27.02M,1.18,AAL,-2.659307577,-11.35480923,-21.8529708,,,
8-Jun-15,39.86,41.07,41.24,39.27,25.76M,-4.46,AAL,-1.558005753,-7.039384337,-16.25203915,,,
5-Jun-15,41.72,42.13,42.58,41.71,9.95M,-1.07,AAL,-0.094854162,-0.566438518,-14.12556054,,,
4-Jun-15,42.17,43.05,43.98,41.88,14.13M,-2.23,AAL,-0.185485741,2.573266619,-8.501594049,,,
3-Jun-15,43.13,43.35,43.91,43.01,13.27M,-1.46,AAL,-0.959561343,2.627840909,-7.785577537,,,
2-Jun-15,43.77,43.3,44.1,43.04,14.83M,-0.93,AAL,-1.991851517,4.21179302,-11.54239019,,,
1-Jun-15,44.18,42.61,44.38,42.09,21.92M,4.27,AAL,0.566438518,0,-13.7274752,,,
29-May-15,42.37,41.68,42.6,41.32,13.24M,0.95,AAL,-0.69096974,-1.860136567,-13.67025684,,,
28-May-15,41.97,42.25,42.5,41.77,9.24M,-0.64,AAL,0.023674242,-1.881096145,-13.56382979,,,
27-May-15,42.24,41.65,42.45,41.6,13.02M,1.66,AAL,0.240673887,-12.95715778,-18.63645243,,,
26-May-15,41.55,43.05,43.09,41.36,17.48M,-2.49,AAL,1.03262145,-12.14285714,-17.00404858,,,
22-May-15,42.61,42.7,42.93,42.02,16.11M,0.33,AAL,0.541558747,-12.24825319,-18.97533207,,,
21-May-15,42.47,43.19,43.39,42.4,23.90M,-1.37,AAL,0.30190432,-11.51403401,-16.05442177,,,
20-May-15,43.06,47.56,47.56,42.97,51.46M,-10.01,AAL,-0.606060606,-1.917921221,-7.470817121,,,
19-May-15,47.85,49.45,49.68,47.7,14.98M,-2.35,AAL,0.918367347,1.228249744,-3.718847352,,,
18-May-15,49,48.56,49.17,48.38,6.15M,0.7,AAL,-0.205507604,-2.195367573,-2.411575563,,,
15-May-15,48.66,49.41,49.45,48.56,6.65M,-0.31,AAL,1.2292563,0.754486134,2.53164557,,,
14-May-15,48.81,48.94,49.09,48.5,7.98M,0.66,AAL,0.928026397,-0.244598451,1.451077944,,,
13-May-15,48.49,49.27,49.85,48.4,8.55M,-0.74,AAL,0.859774821,4.718384697,3.183246073,,,
12-May-15,48.85,49.11,49.4,48.63,6.82M,-1.61,AAL,-1.087613293,4.467134652,3.56389709,,,
11-May-15,49.65,49,50.3,48.8,8.04M,1.24,AAL,-0.081566069,0.102145046,2.531910442,,,
8-May-15,49.04,49.23,49.83,48.93,6.48M,-0.04,AAL,0.346514472,-0.323952217,3.142677561,,,
7-May-15,49.06,47.4,49.62,47.4,11.43M,4.27,AAL,0.743889479,-1.822700911,-0.919732441,,,
6-May-15,47.05,46.78,47.64,46.15,10.12M,0.09,AAL,-0.489257605,-4.296235679,-4.02133771,,,
5-May-15,47.01,48.21,48.71,46.9,11.38M,-3.96,AAL,-1.51174668,-5.821449502,1.516108654,,,
4-May-15,48.95,49.41,50.08,48.8,5.59M,-0.89,AAL,0.040494027,-4.742625795,2.766222962,,,
1-May-15,49.39,48.65,49.83,48.51,8.08M,2.3,AAL,0.766362883,-7.685009488,-1.05755542,,,
30-Apr-15,48.28,48.5,49.46,48.01,9.40M,-1.23,AAL,-0.777414075,-5.73372206,-3.846153846,,,
29-Apr-15,48.88,50.58,50.8,47.66,18.05M,-4.51,AAL,-1.191638992,-1.595330739,-4.168245548,,,
28-Apr-15,51.19,51.7,51.82,50.01,9.24M,-1.31,AAL,-0.327742433,0.661993769,-3.616703952,,,
27-Apr-15,51.87,52.68,52.68,51.7,9.84M,-1.57,AAL,-0.037950664,5.868167203,0.037979491,,,
24-Apr-15,52.7,51.98,53.47,51.49,20.25M,2.43,AAL,1.030126336,7.86470222,1.384825434,,,
23-Apr-15,51.45,51.07,51.72,50.7,9.82M,0.1,AAL,-0.642023346,5.866500829,-1.807344741,,,
22-Apr-15,51.4,51.4,51.54,50.4,7.33M,0.08,AAL,0.07788162,7.643979058,-4.691266457,,,
21-Apr-15,51.36,50,51.42,49.46,10.85M,3.22,AAL,0.482315113,5.440742303,-8.088235294,,,
20-Apr-15,49.76,48.61,49.78,47.91,9.52M,3.26,AAL,0.871550114,1.715840134,-12.82281205,,,
17-Apr-15,48.19,47.96,48.65,47.95,8.66M,-0.1,AAL,-0.580431177,0.481877226,-13.10019931,,,
16-Apr-15,48.24,47.81,48.91,47.75,7.16M,1.03,AAL,0.12565445,-0.06270903,-11.67559579,,,
15-Apr-15,47.75,48,48.72,47.67,9.85M,0.7,AAL,1.223112611,-1.518260156,-10.5978767,,,
14-Apr-15,47.42,47.49,47.78,46.88,9.88M,-0.77,AAL,-0.62774639,0,-5.436081243,,,
13-Apr-15,47.79,47.47,48.59,47.47,9.35M,0.13,AAL,-0.544730777,-1.268718802,-3.555465258,,,
10-Apr-15,47.73,48.16,48.79,47.72,11.71M,-0.23,AAL,0.668896321,-2.054098027,-1.068200493,,,
9-Apr-15,47.84,48.86,49.48,47.72,11.58M,-1.85,AAL,0.24620435,-3.132434576,3.101920236,,,
8-Apr-15,48.74,47.8,49.09,47.73,11.18M,2.63,AAL,0.652769004,-9.435392194,2.289749626,,,
7-Apr-15,47.49,48.3,48.8,47.49,9.39M,-1.23,AAL,0.457570715,-9.955257271,0.792988314,,,
6-Apr-15,48.08,48.35,48.69,47.67,13.32M,-2.22,AAL,-1.667683547,-8.184580327,0.750156283,,,
2-Apr-15,49.17,50.48,50.85,49.15,14.11M,-2.52,AAL,0.079302141,-1.540862103,4.297520661,,,
1-Apr-15,50.44,51.1,51.38,50.11,15.19M,-4.43,AAL,-3.183023873,-1.749663526,4.392236977,,,
31-Mar-15,52.78,53.66,53.73,52.68,8.39M,-1.6,AAL,0.037285608,-0.500648989,10.02665573,,,
30-Mar-15,53.64,53.24,53.84,53.05,8.17M,1.86,AAL,1.101405241,-2.132352941,10.20492652,,,
27-Mar-15,52.66,51.38,52.85,51.38,9.00M,2.71,AAL,0.214550419,-7.855093257,7.265135699,,,
26-Mar-15,51.27,50.84,51.69,50.25,14.24M,-1.42,AAL,-2.249567391,-7.881862656,3.019250253,,,
25-Mar-15,52.01,53.62,53.78,51.93,14.24M,-3.56,AAL,-0.57481921,-0.942176242,7.822240097,,,
24-Mar-15,53.93,54.04,54.41,53.66,11.94M,-0.86,AAL,-0.661764706,0.651890482,4.891304348,,,
23-Mar-15,54.4,55.47,55.93,54.37,19.04M,-2.44,AAL,-0.520086083,10.45400239,8.107581368,,,
20-Mar-15,55.76,55.19,56.05,54.86,137.77M,1.03,AAL,0,12.12921577,8.173265386,,,
19-Mar-15,55.19,54.57,55.24,54.45,18.90M,1.96,AAL,0.812857935,12.09942482,9.622338288,,,
18-Mar-15,54.13,53.69,54.6,53.34,21.32M,0.82,AAL,0,13.29394387,8.882579598,,,
17-Mar-15,53.69,52.63,54.18,52.5,41.84M,6.91,AAL,4.798884906,12.62572223,9.622995209,,,
16-Mar-15,50.22,49.77,50.45,49.45,10.90M,2.03,AAL,1.117431938,3.860601002,2.85182889,,,
13-Mar-15,49.22,48.75,49.49,48.28,9.19M,1.11,AAL,0.14379622,1.583663263,1.817042607,,,
12-Mar-15,48.68,47.57,48.72,47.56,7.13M,2.72,AAL,0.379826968,-1.714876033,-0.042025636,,,
11-Mar-15,47.39,46.9,47.89,46.58,6.63M,1.41,AAL,0.363791997,-4.187946885,-2.393340271,,,
10-Mar-15,46.73,47.5,47.58,46.47,9.34M,-2.48,AAL,-0.876460768,-2.604059873,2.084676553,,,
9-Mar-15,47.92,48.05,48.58,47.58,7.46M,-0.15,AAL,0.125026047,-0.538190851,-0.20768432,,,
6-Mar-15,47.99,48.33,48.94,47.9,7.00M,-0.85,AAL,-0.144628099,0.897703549,-0.98340504,,,
5-Mar-15,48.4,49.19,49.2,47.78,7.04M,-1.12,AAL,0.490296221,-0.324214792,-0.545895673,,,
4-Mar-15,48.95,48.85,48.96,47.98,6.71M,0.37,AAL,0.164035268,-1.7695556,2.842105263,,,
3-Mar-15,48.77,47.9,49.03,47.75,9.05M,0.95,AAL,-0.848685572,-7.026397516,-1.683087028,,,
2-Mar-15,48.31,48.2,48.57,47.85,11.48M,0.86,AAL,0.626304802,-6.061196648,-1.792991035,,,
27-Feb-15,47.9,49,49.4,47.85,9.40M,-2.94,AAL,-0.709219858,-3.959231674,-6.202143951,,,
26-Feb-15,49.35,50.38,50.38,49.02,7.58M,-0.76,AAL,1.307058114,1.205303335,-0.474120901,,,
25-Feb-15,49.73,51.3,51.49,49.46,9.58M,-3.47,AAL,-0.427018634,4.035692557,-2.65654649,,,
24-Feb-15,51.52,50.29,51.55,49.36,13.92M,0.41,AAL,-1.987916585,4.749010623,-9.305680794,,,
23-Feb-15,51.31,51.75,52.2,50.95,9.51M,0.57,AAL,1.430811446,6.943583385,-7.074878793,,,
20-Feb-15,51.02,49.81,51.12,49.13,10.54M,2.49,AAL,0.060265167,4.03091061,-10.39755352,,,
19-Feb-15,49.78,50.78,50.8,49.59,11.46M,0.95,AAL,2.981139728,6.703088884,-5.384758711,,,
18-Feb-15,49.31,48.6,49.45,48.18,8.75M,2.71,AAL,1.228910644,1.144640999,-7.867298578,,,
17-Feb-15,48.01,48.77,49.45,47.86,7.26M,-0.79,AAL,0.785286216,4.814098431,-2.08793415,,,
13-Feb-15,48.39,47.53,48.4,46.65,9.90M,1.07,AAL,-0.730994152,-1.287642783,-3.804897794,,,
12-Feb-15,47.88,46.75,48.5,46.4,9.54M,0.61,AAL,-1.765076697,-4.22044663,-5.383525602,,,
11-Feb-15,47.59,48.79,48.95,47.35,10.06M,-0.96,AAL,1.540062435,-1.354630004,-3.194444444,,,
10-Feb-15,48.05,47.4,48.38,46.9,9.09M,3.27,AAL,1.869761444,-0.210526316,-4.396934248,,,
9-Feb-15,46.53,46.41,47.23,45.95,12.96M,-3.36,AAL,-3.613707165,-4.74137931,-10.78431373,,,
6-Feb-15,48.15,48.84,49.47,47.89,8.65M,-1.35,AAL,0.061462815,-0.488997555,-8.982482296,,,
5-Feb-15,48.81,49.46,49.46,47.6,9.22M,-1.31,AAL,0,-5.321592649,-6.696849651,,,
4-Feb-15,49.46,48.62,49.79,48.23,11.84M,4.13,AAL,2.357894737,-3.951007507,-8.333333333,,,
3-Feb-15,47.5,47.3,48.16,46.55,16.68M,-2.5,AAL,-2.914614122,-10.24667932,-12.21232368,,,
2-Feb-15,48.72,48.58,48.93,46.21,22.41M,-0.73,AAL,-1.018744906,-12.38954013,-9.886848451,,,
30-Jan-15,49.08,52.02,52.13,48.63,18.47M,-6.05,AAL,-0.421133231,-6.590052074,-3.002051091,,,
29-Jan-15,52.24,51.05,52.42,50.57,16.62M,3.2,AAL,0.849466614,-8.166936499,-4.436540621,,,
28-Jan-15,50.62,52.79,53.7,50.3,17.06M,-3.95,AAL,0.170777989,-1.639649711,-0.113528855,,,
27-Jan-15,52.7,53.99,54.52,52.54,19.81M,-4.96,AAL,-2.633002705,2.3507109,3.926852743,,,
26-Jan-15,55.45,55.89,56.2,54.73,13.35M,-0.43,AAL,0.359130903,12.20638426,8.671981334,,,
23-Jan-15,55.69,55.4,55.98,54.8,9.49M,0.18,AAL,-0.341788091,12.12305201,10.33658634,,,
22-Jan-15,55.59,54.52,55.82,53.91,16.20M,3.58,AAL,1.583752562,10.34203603,7.238394965,,,
21-Jan-15,53.67,52.65,54,51.95,12.88M,1.74,AAL,-0.18957346,4.464285714,3.825675409,,,
20-Jan-15,52.75,51,52.83,49.81,15.16M,5.9,AAL,2.389078498,2.864058088,1.715197447,,,
16-Jan-15,49.81,49.38,49.97,48.27,12.98M,0.81,AAL,-0.060716454,-5.074971165,1.18852459,,,
15-Jan-15,49.41,49.13,50.4,48.58,10.40M,0,AAL,-0.566686905,-8.44204249,2.439532944,,,
14-Jan-15,49.41,49.41,50.23,48.1,15.68M,-1.96,AAL,-1.964285714,-6.791171477,-2.812745869,,,
13-Jan-15,50.4,50.12,51.43,49.46,12.26M,1.65,AAL,1.08914885,-5.505279035,0.300180108,,,
12-Jan-15,49.58,51.06,51.45,49.2,18.26M,-4.69,AAL,-1.84544406,-5.233853007,1.048881852,,,
9-Jan-15,52.02,53.67,53.91,51.82,12.35M,-3.06,AAL,0.018635855,-0.445186422,9.664895791,,,
8-Jan-15,53.66,53.48,54.28,53.25,9.67M,1.23,AAL,0.886625165,-0.279694201,10.70171807,,,
7-Jan-15,53.01,53.38,53.65,52.12,10.07M,-0.06,AAL,0.641025641,-0.074878323,5.037386856,,,
6-Jan-15,53.04,54.27,54.43,52.13,13.77M,-1.56,AAL,0.723830735,2.686849574,6.390903744,,,
5-Jan-15,53.88,54.37,54.54,53.34,11.57M,-0.06,AAL,0.853273975,4.658325313,9.506545821,,,
2-Jan-15,53.91,54.28,54.6,53.07,10.76M,0.52,AAL,1.212008204,5.541512736,12.52072968,,,
31-Dec-14,53.63,53.9,54.64,53.32,11.06M,0.39,AAL,0.898539873,7.349133639,12.62014208,,,
30-Dec-14,53.42,53,53.7,52.83,8.06M,1.08,AAL,0.283822138,4.248623131,10.69340017,,,
29-Dec-14,52.85,51.65,53.24,51.3,8.79M,1.73,AAL,-0.577478345,1.853677776,6.429012982,,,
26-Dec-14,51.95,51.46,52.25,51.06,6.84M,1.01,AAL,0.058331713,2.63262864,14.43184345,,,
24-Dec-14,51.43,50.66,51.69,50.35,5.96M,2.43,AAL,0.89623581,3.81147541,14.74518686,,,
23-Dec-14,50.21,50.95,51.14,49.84,7.17M,-1.24,AAL,0.216365067,6.234361968,17.91252025,,,
22-Dec-14,50.84,51.1,51.88,50.72,8.87M,0.26,AAL,0.769079077,0.51140834,17.98660817,,,
19-Dec-14,50.71,49.67,50.94,49.1,26.79M,1.14,AAL,-0.937375349,-0.600360216,12.47735507,,,
18-Dec-14,50.14,48.56,50.93,47.5,16.95M,2.75,AAL,-0.491803279,-3.898674055,10.11337868,,,
17-Dec-14,48.8,48.26,49.49,46.05,24.78M,1.75,AAL,0.625521268,-1.389456477,7.125416204,,,
16-Dec-14,47.96,51.01,51.15,47.68,22.05M,-5.66,AAL,0.334382376,5.588904989,16.75440604,,,
15-Dec-14,50.84,50.21,51.32,49.32,15.37M,1.74,AAL,0.480288173,-1.200314837,14.08770734,,,
12-Dec-14,49.97,51.67,51.7,49.9,15.36M,-1.11,AAL,2.256085494,1.293863948,17.11242067,,,
11-Dec-14,50.53,49.8,51.5,49.65,15.10M,3.25,AAL,1.75725378,0.302114804,14.66728068,,,
10-Dec-14,48.94,49.8,50.4,48.25,18.50M,1.3,AAL,3.084247568,3.233830846,14.64088398,,,
9-Dec-14,48.31,49.1,49.2,47.39,20.58M,-4.94,AAL,-3.384494294,2.590890096,12.02372804,,,
8-Dec-14,50.82,50.44,51.32,50.15,16.17M,-0.37,AAL,-1.117427955,5.346700084,16.75925926,,,
5-Dec-14,51.01,50.09,51.75,50.01,15.59M,2.74,AAL,0.886203424,3.214506491,16.11033843,,,
4-Dec-14,49.65,49.6,50.27,49.32,15.23M,2.92,AAL,2.819237148,10.29575272,17.3964497,,,
3-Dec-14,48.24,47.74,48.47,46.92,8.92M,0.79,AAL,-0.2507313,8.131370328,11.80327869,,,
2-Dec-14,47.86,48.12,48.7,47.15,11.85M,-0.04,AAL,0.501253133,11.36311039,14.57142857,,,
1-Dec-14,47.88,49,49.47,47.36,15.15M,-1.34,AAL,0.968473109,13.13784345,18.50060459,,,
28-Nov-14,48.53,47,49.45,47,21.64M,7.92,AAL,4.514120525,6.43115942,16.62531017,,,
26-Nov-14,44.97,44.31,45.75,44,12.80M,1.86,AAL,0.362400906,0.476190476,10.94141212,,,
25-Nov-14,44.15,43.18,44.44,43.1,11.56M,2.18,AAL,-0.069428373,-4.150943396,7.306163022,,,
24-Nov-14,43.21,43.72,43.96,42.78,9.58M,-0.23,AAL,0.946663588,0.068665599,9.546479579,,,
21-Nov-14,43.31,44.38,44.49,43.25,10.87M,-1.92,AAL,0.498188406,0.840718019,11.45153189,,,
20-Nov-14,44.16,43.65,44.72,43.2,9.43M,0.14,AAL,-1.020408163,-1.065276519,13.43555094,,,
19-Nov-14,44.1,44.83,45.4,44.04,11.29M,-2.11,AAL,-0.488346282,3.223578172,21.03131749,,,
18-Nov-14,45.05,43.76,45.46,43.76,14.22M,3.11,AAL,0.16021973,0.73664825,15.61426684,,,
17-Nov-14,43.69,43.97,44.58,43.63,8.69M,-0.73,AAL,-0.090888434,0.319415925,24.84383873,,,
14-Nov-14,44.01,44,44.54,43.66,8.75M,-0.25,AAL,-0.271985494,1.851851852,31.81545836,,,
13-Nov-14,44.12,43.54,44.46,43.49,11.13M,1.59,AAL,0.253281142,0.927213723,32.05944798,,,
12-Nov-14,43.43,43.25,43.63,42.84,7.71M,-0.02,AAL,-0.437384899,2.366863905,36.47838435,,,
11-Nov-14,43.44,44,44.47,43.32,11.05M,-0.89,AAL,0.387862195,3.044496487,39.63821009,,,
10-Nov-14,43.83,42.5,43.94,41.67,13.17M,1.46,AAL,-1.62037037,1.19047619,48.70538838,,,
7-Nov-14,43.2,43.14,43.49,42.63,9.02M,0.14,AAL,0,4.328899637,40.15594542,,,
6-Nov-14,43.14,42.59,44.13,42.59,14.48M,2.11,AAL,0.804733728,5.682382134,33.17698562,,,
5-Nov-14,42.25,43.32,43.35,42.09,11.53M,-1.05,AAL,1.451990632,8.462694041,31.27272727,,,
4-Nov-14,42.7,42.83,43.7,42.5,17.42M,1.67,AAL,1.976190476,6.43638171,25.63801701,,,
3-Nov-14,42,41.44,42.1,41.43,8.45M,1.57,AAL,0.217654172,3.833625658,18.63727455,,,
31-Oct-14,41.35,41.1,41.75,40.8,13.01M,2.61,AAL,1.985111663,3.214465093,13.44189898,,,
30-Oct-14,40.3,39.91,40.69,39.62,10.57M,0.9,AAL,-0.075112669,3.716216216,17.62452107,,,
29-Oct-14,39.94,40.07,40.4,39.24,15.78M,-0.75,AAL,-0.422465209,8.180345572,16.51642919,,,
28-Oct-14,40.24,40.11,40.76,39.75,12.19M,0.83,AAL,0.501127537,5.970937913,13.04960541,,,
27-Oct-14,39.91,39.6,40.4,39.29,13.36M,0.23,AAL,-0.552486188,12.43611584,13.04596061,,,
24-Oct-14,39.82,38.6,39.95,38.58,17.83M,3.48,AAL,0.311850312,15.63810665,7.431116059,,,
23-Oct-14,38.48,37.43,40.18,36.8,33.29M,3.89,AAL,1.052915767,13.5274492,6.305026981,,,
22-Oct-14,37.04,38.05,38.22,36.94,18.96M,-2.14,AAL,0.528401585,20.06942253,5.343300111,,,
21-Oct-14,37.85,36.14,37.88,36.02,26.35M,7.47,AAL,2.612152186,14.69374802,2.29266912,,,
20-Oct-14,35.22,34.19,35.39,34,13.53M,5.51,AAL,2.426602756,19.62911127,-3.906689151,,,
17-Oct-14,33.38,33.88,34.34,32.81,16.01M,1.24,AAL,2.760084926,10.07147498,-7.507507508,,,
16-Oct-14,32.97,30.63,33.4,30,24.99M,4.04,AAL,-3.344903755,-4.221388368,-19.50065703,,,
15-Oct-14,31.69,30.22,32.62,29.49,39.94M,0.57,AAL,-4.093938432,-8.424242424,-19.32728243,,,
14-Oct-14,31.51,29.29,32.18,29.28,28.15M,10.25,AAL,2.484254724,-14.08037548,-22.8804634,,,
13-Oct-14,28.58,31.07,31.39,28.1,34.53M,-7.15,AAL,0.94217024,-11.05067277,-16.18559482,,,
10-Oct-14,30.78,31.55,32.25,29.78,31.02M,-3.75,AAL,-1.344590369,-12.91747171,-16.20185923,,,
9-Oct-14,31.98,33.5,33.7,31.94,22.64M,-3.09,AAL,1.515151515,-1.26731506,-12.05040693,,,
8-Oct-14,33,34.53,34.55,32.6,22.75M,-3.2,AAL,1.290701085,0.407095086,-10.49766719,,,
7-Oct-14,34.09,34.75,35.02,34.06,10.03M,-2.4,AAL,-0.515316347,-2.057497182,-8.456269758,,,
6-Oct-14,34.93,36.31,36.5,34.86,12.79M,-3.59,AAL,0.220811482,3.654010848,-5.022233848,,,
3-Oct-14,36.23,34.66,36.32,34.61,15.08M,6.78,AAL,2.151488358,-3.53465071,-8.428005284,,,
2-Oct-14,33.93,34.47,35.38,33.51,21.48M,-1.34,AAL,0.232625763,-2.10167566,-10.3977125,,,
1-Oct-14,34.39,34.72,34.94,33.85,19.45M,-3.07,AAL,-2.14205186,-3.875968992,-11.29279509,,,
30-Sep-14,35.48,35.05,35.85,34.34,10.66M,1.28,AAL,0.057093919,-0.792527597,-13.45679012,,,
29-Sep-14,35.03,35.35,35.75,34.94,7.49M,-2.5,AAL,-1.61424993,-0.646430579,-9.079218107,,,
26-Sep-14,35.93,35.25,36.12,35.02,8.52M,2.04,AAL,0.11360409,-3.767403767,-10.00765892,,,
25-Sep-14,35.21,35.88,35.98,34.87,10.93M,-2.52,AAL,-0.664451827,-5.703022339,-7.976404206,,,
24-Sep-14,36.12,35.47,36.34,35.18,8.49M,2.24,AAL,0.396263798,-5.312333155,-9.260680481,,,
23-Sep-14,35.33,35.04,35.77,34.64,12.15M,-0.7,AAL,-1.517706577,-7.740916272,-11.11111111,,,
22-Sep-14,35.58,37,37,35.44,10.97M,-2.87,AAL,1.01010101,-0.18883194,-7.151819322,,,
19-Sep-14,36.63,38.06,38.25,36.63,17.59M,-3.73,AAL,0.026281209,1.088977424,-3.669956973,,,
18-Sep-14,38.05,37.7,38.11,37.6,4.56M,1.58,AAL,0.640683396,-1.023890785,-7.142857143,,,
17-Sep-14,37.46,37.92,38.24,37.04,6.68M,-1.37,AAL,-0.157977883,-1.710730949,-6.208261192,,,
16-Sep-14,37.98,37,38.01,36.81,6.72M,2.45,AAL,-0.18883194,-2.528977871,-9.001475652,,,
15-Sep-14,37.07,37.6,37.8,36.84,7.95M,-1.54,AAL,-0.132802125,-1.647920481,-4.057157438,,,
12-Sep-14,37.65,38.09,38.51,37.63,8.23M,-1.16,AAL,0,0.634081902,-3.740207228,,,
11-Sep-14,38.09,38.73,39.04,37.93,10.07M,-1.27,AAL,0.388802488,0.675851313,1.600209864,,,
10-Sep-14,38.58,37.93,38.87,37.91,8.11M,1.63,AAL,-0.079030558,-3.09146653,1.092750533,,,
9-Sep-14,37.96,37.63,38.68,37.38,9.10M,-0.71,AAL,-1.569448077,-7.086419753,-0.895443771,,,
8-Sep-14,38.23,37.96,38.4,37.96,7.35M,1,AAL,0.290620872,-2.366255144,2.097902098,,,
5-Sep-14,37.85,38.51,38.71,37.71,12.07M,-1.61,AAL,0.103977125,-1.684962982,4.476397179,,,
4-Sep-14,38.47,39.37,39.98,38.36,12.01M,-1.71,AAL,0.587634134,0.974608874,5.098772023,,,
3-Sep-14,39.14,39.73,39.9,38.67,10.00M,-3.36,AAL,-1.901234568,1.637247378,6.858526089,,,
2-Sep-14,40.5,39,40.54,38.89,10.93M,4.17,AAL,0.308641975,-1.065449011,2.254850551,,,
29-Aug-14,38.88,39.1,39.35,38.36,6.65M,-0.74,AAL,-0.178708195,-1.882057716,-0.836926198,,,
28-Aug-14,39.17,38.71,39.4,38.7,3.89M,0.46,AAL,-0.718132855,-2.024803847,-0.36036036,,,
27-Aug-14,38.99,39.36,39.4,38.68,6.46M,-0.26,AAL,0.690713738,-3.054187192,-0.480404551,,,
26-Aug-14,39.09,39.55,39.75,39.07,5.73M,-0.84,AAL,0.329781837,-2.176601534,0.050594485,,,
25-Aug-14,39.42,40.23,40.28,39.4,7.08M,-1.08,AAL,0.95357591,-1.057550418,-0.148920328,,,
22-Aug-14,39.85,39.6,40.21,39.55,5.77M,0.86,AAL,0.227790433,1.046185251,-4.990403071,,,
21-Aug-14,39.51,40.75,40.85,39.45,8.16M,-2.68,AAL,0.369458128,2.982057114,-3.344402277,,,
20-Aug-14,40.6,40.4,40.8,40.03,6.51M,0.42,AAL,-0.074202325,5.981112277,-6.76205862,,,
19-Aug-14,40.43,40.96,41,40.26,5.82M,-0.57,AAL,0.737825873,9.168443497,-3.350637093,,,
18-Aug-14,40.66,39.6,40.9,39.6,10.90M,3.75,AAL,1.046185251,4.292862786,-6.779661017,,,
15-Aug-14,39.19,39.98,40.08,38.79,9.81M,-0.96,AAL,1.036138489,7.530930608,-6.849953402,,,
14-Aug-14,39.57,38.5,39.61,38.46,10.13M,3.8,AAL,0.996852046,4.449267499,-7.673860911,,,
13-Aug-14,38.12,37.64,38.46,37.44,6.18M,1.6,AAL,0.319829424,0.480512547,-13.43146274,,,
12-Aug-14,37.52,38.14,38.14,37.27,6.22M,-1.19,AAL,0.447721886,2.582033351,-12.72311213,,,
11-Aug-14,37.97,37.79,38.37,37.35,9.02M,2.12,AAL,1.640667025,-0.917671736,-12.0753839,,,
8-Aug-14,37.18,36.56,37.38,35.23,20.76M,0.87,AAL,-0.813890396,-7.278721785,-14.73880597,,,
7-Aug-14,36.86,37.7,38.41,36.5,9.89M,-1.6,AAL,0.640683396,-2.96010296,-11.95702943,,,
6-Aug-14,37.46,36.56,38,36.14,9.50M,0.75,AAL,-1.667563206,-7.560050569,-12.91090996,,,
5-Aug-14,37.18,37.89,38.45,36.74,10.42M,-2.52,AAL,-0.655479811,-4.148747786,-5.886736215,,,
4-Aug-14,38.14,39.49,39.85,37.63,11.09M,-3.27,AAL,0.1521684,-1.985604368,-1.521197007,,,
1-Aug-14,39.43,38.75,39.53,38.43,8.98M,1.49,AAL,-0.257400257,-7.02975048,-6.89572321,,,
31-Jul-14,38.85,38.9,39.4,38.05,13.54M,-1.77,AAL,-1.643489254,-7.732447818,-7.270560191,,,
30-Jul-14,39.55,39.9,40.26,39.3,10.76M,0.05,AAL,0.935997976,-7.915993538,-9.02872777,,,
29-Jul-14,39.53,40.65,40.85,39.39,10.72M,-1.89,AAL,0.893521966,-4.082114205,-5.377094972,,,
28-Jul-14,40.29,41.87,41.95,39.81,15.94M,-3.33,AAL,0.455854127,-1.435969868,-4.840909091,,,
25-Jul-14,41.68,42.25,42.68,41.34,10.99M,-1.14,AAL,0.213472486,-1.561043802,-5.162738496,,,
24-Jul-14,42.16,42.5,43.95,41.7,18.02M,-2.7,AAL,-1.915531964,1.918465228,-3.211113642,,,
23-Jul-14,43.33,42.72,43.66,42.65,10.17M,2.24,AAL,0.802265219,-1.747930083,-1.065308013,,,
22-Jul-14,42.38,42.7,42.89,42.15,6.46M,-0.24,AAL,0.517890772,-2.288329519,-3.742110009,,,
21-Jul-14,42.48,42.91,42.95,42.25,5.68M,-1.03,AAL,-0.023299161,-0.16286645,-3.681257015,,,
18-Jul-14,42.92,42.23,43.22,42.15,8.87M,2.93,AAL,1.270983213,-1.515858209,-1.927542963,,,
17-Jul-14,41.7,43.04,43.44,41.65,13.92M,-4.09,AAL,-1.011959522,0.513778608,0.890764182,,,
16-Jul-14,43.48,44,44,43.3,6.37M,-0.5,AAL,0.686498856,4.81181515,5.087174588,,,
15-Jul-14,43.7,43.33,43.73,42.78,8.36M,1.68,AAL,0.814332248,7.625434675,5.528494886,,,
14-Jul-14,42.98,43.26,43.59,42.73,7.22M,0.23,AAL,0.88619403,7.880299252,7.132243685,,,
11-Jul-14,42.88,42.91,43.23,42.52,8.14M,0.14,AAL,0.210182158,3.099471408,6.741293532,,,
10-Jul-14,42.82,41,42.98,40.77,11.83M,2,AAL,-2.334444974,-2.264600715,-3.050366517,,,
9-Jul-14,41.98,42.08,42.35,40.51,20.47M,4.27,AAL,4.520615996,-4.058367533,-3.61887311,,,
8-Jul-14,40.26,39.14,40.33,37.9,26.40M,0.4,AAL,-2.394014963,-8.891992551,-10.20876348,,,
7-Jul-14,40.1,41.72,41.72,39.92,14.23M,-3.65,AAL,0.240269101,-5.181818182,-4.922515953,,,
3-Jul-14,41.62,42.61,42.94,41.4,8.26M,-0.79,AAL,1.573301549,-4.354657688,0.47158689,,,
2-Jul-14,41.95,42.89,42.95,41.42,19.75M,-4.35,AAL,-2.211582307,-2.322933273,0.163475012,,,
1-Jul-14,43.86,43.44,43.9,43.05,9.17M,2.09,AAL,1.117318436,0.602130616,4.826254826,,,
30-Jun-14,42.96,44.04,44.08,42.83,10.46M,-2.36,AAL,0.090909091,-0.721370604,6.841339156,,,
27-Jun-14,44,44.3,44.75,43.91,41.47M,-1.23,AAL,-0.561167228,-0.561167228,10.30876494,,,
26-Jun-14,44.55,43.96,44.6,43.5,11.18M,1.46,AAL,0.113869278,2.090106828,10.39678553,,,
25-Jun-14,43.91,42.9,44,42.3,10.94M,1.69,AAL,-0.648448356,0.562587904,7.788944724,,,
24-Jun-14,43.18,44.14,44.61,42.76,13.25M,-2.66,AAL,-0.49594229,5.421542871,12.17280813,,,
23-Jun-14,44.36,44.3,44.88,43.8,18.46M,-0.43,AAL,-0.561167228,7.890891378,13.27026336,,,
20-Jun-14,44.55,43.04,44.55,43.03,40.64M,3.46,AAL,-0.046446818,6.587419515,11.15702479,,,
19-Jun-14,43.06,42.82,43.49,42.66,14.12M,0.94,AAL,0.375058603,6.517412935,11.74321503,,,
18-Jun-14,42.66,41.93,42.82,41.57,11.25M,1.89,AAL,0.143300693,-0.851265074,9.64958159,,,
17-Jun-14,41.87,41.08,42.19,40.76,12.53M,1.97,AAL,0.048709206,-5.90929913,6.507648431,,,
16-Jun-14,41.06,39.68,41.29,39.67,13.63M,1.68,AAL,-1.733531451,-8.969947236,3.011422638,,,
13-Jun-14,40.38,40.25,40.92,39.55,13.59M,0.45,AAL,0.124378109,-8.272561531,5.39408222,,,
12-Jun-14,40.2,41.27,41.41,38.85,37.32M,-4.94,AAL,-2.411917711,-2.688045272,6.256436663,,,
11-Jun-14,42.29,42.9,43.29,42.03,13.19M,-3.14,AAL,-1.740723775,0.186828585,9.13253625,,,
10-Jun-14,43.66,43.5,43.86,42.93,8.38M,0.16,AAL,-0.206469374,4.971042471,10.43412034,,,
9-Jun-14,43.59,44,44.43,43.07,11.69M,-0.66,AAL,0.273473108,6.744298884,15.0026137,,,
6-Jun-14,43.88,42.45,43.92,42.42,13.62M,3.47,AAL,0.094317378,5.702191235,10.98039216,,,
5-Jun-14,42.41,43,43.49,42.27,8.54M,-0.96,AAL,0.420364316,7.985936715,15.52928533,,,
4-Jun-14,42.82,41.36,42.9,41.2,11.93M,3.33,AAL,-0.193050193,3.91959799,12.78974639,,,
3-Jun-14,41.44,41.13,42.09,41.11,9.46M,0.53,AAL,-0.218340611,4.523506989,12.37704918,,,
2-Jun-14,41.22,40,41.25,40,9.91M,2.64,AAL,-0.398406375,2.27563283,9.619073719,,,
30-May-14,40.16,39.83,40.17,39.68,13.89M,0.85,AAL,0.025113009,2.866735537,9.453146469,,,
29-May-14,39.82,39.89,40.27,39.36,9.67M,0.05,AAL,0.226130653,4.097077244,13.74394069,,,
28-May-14,39.8,39.4,40.33,39.19,11.13M,1.14,AAL,0.127064803,3.033472803,10.95466066,,,
27-May-14,39.35,39.38,39.93,39.23,9.59M,0.61,AAL,0.690360522,2.100077781,12.00227531,,,
23-May-14,39.11,38.53,39.5,38.53,9.87M,1.01,AAL,-0.490702479,0.02596054,7.027777778,,,
22-May-14,38.72,38.3,38.88,38.3,6.41M,1.04,AAL,-0.052192067,0.288033517,2.791196994,,,
21-May-14,38.32,38.28,38.85,38.05,6.57M,0.21,AAL,0.10460251,-1.441812564,3.208411971,,,
20-May-14,38.24,38.54,38.88,38.02,6.29M,-0.86,AAL,-0.077780659,-1.958789112,6.581858407,,,
19-May-14,38.57,38.49,39.16,38.1,7.17M,0.13,AAL,-0.07788162,-2.284843869,7.905803196,,,
16-May-14,38.52,38.01,38.68,37.76,7.06M,0.86,AAL,-0.471327573,-0.653423941,7.372881356,,,
15-May-14,38.19,38.55,38.73,37.48,10.68M,-1.67,AAL,-0.746652935,0.784313725,8.560968741,,,
14-May-14,38.84,39.08,39.24,38.56,7.99M,-1.2,AAL,-0.585092852,4.997313272,15.89561091,,,
13-May-14,39.31,38.95,39.74,38.85,8.68M,-0.2,AAL,-1.11703478,6.21761658,16.72160623,,,
12-May-14,39.39,38.35,39.49,38.35,12.44M,2.95,AAL,0.235232619,4.781420765,13.86579572,,,
9-May-14,38.26,37.96,38.7,37.91,9.70M,0.03,AAL,-0.758169935,4.028500959,7.565882686,,,
8-May-14,38.25,37.25,38.25,37.05,14.45M,2.77,AAL,0.080601827,2.363286617,0.948509485,,,
7-May-14,37.22,36.53,37.31,36.31,7.80M,1.5,AAL,-0.381783474,4.163102367,1.528627015,,,
6-May-14,36.67,37.14,37.4,36.39,9.49M,0.19,AAL,1.475409836,4.590256266,3.801006149,,,
5-May-14,36.6,36.08,36.78,35.79,5.82M,0.3,AAL,-1.123595506,2.616609784,-1.312910284,,,
2-May-14,36.49,36.27,36.72,36.06,6.99M,0.27,AAL,-0.329760923,0.75,-2.865559721,,,
1-May-14,36.39,35.86,36.7,35.47,11.50M,3.76,AAL,2.252637582,-3.757380569,-4.905860514,,,
30-Apr-14,35.07,35.68,35.88,34.89,6.95M,-1.24,AAL,0.478738384,-3.801563764,-5.956773853,,,
29-Apr-14,35.51,35.2,35.65,34.97,8.99M,1,AAL,0.113765643,-2.654867257,-3.825136612,,,
28-Apr-14,35.16,36.41,36.72,34.34,13.15M,-2.33,AAL,1.138888889,2.07457247,2.882170105,,,
25-Apr-14,36,37,37.11,35.91,9.58M,-3.38,AAL,-0.697799249,4.519774011,3.438635728,,,
24-Apr-14,37.26,37.84,38.24,35.8,21.04M,0.46,AAL,2.022108385,6.561531963,3.10626703,,,
23-Apr-14,37.09,37.14,37.6,36.4,14.65M,2.57,AAL,2.710176991,10.14234875,-2.005277045,,,
22-Apr-14,36.16,35.76,36.74,35.75,8.94M,1.37,AAL,0.252312868,7.162121666,-2.826086957,,,
21-Apr-14,35.67,35.08,35.79,34.86,7.19M,0.76,AAL,-0.903954802,4.156769596,-2.852395458,,,
17-Apr-14,35.4,35.5,35.87,34.82,9.23M,-0.31,AAL,-0.028161081,0.595069425,-2.899343545,,,
16-Apr-14,35.51,34.17,35.59,33.94,15.64M,5.31,AAL,1.334519573,-7.398373984,-7.84789644,,,
15-Apr-14,33.72,33.52,34.33,31.86,15.98M,1.05,AAL,0.449505544,-6.83713174,-10.25435074,,,
14-Apr-14,33.37,34,34.77,32.77,13.47M,-0.92,AAL,0.950118765,-4.974846283,-9.814323607,,,
11-Apr-14,33.68,34.1,35.46,33.59,15.54M,-4.56,AAL,-3.372060074,-6.728665208,-6.164006604,,,
10-Apr-14,35.29,36.7,37.38,34.6,16.31M,-4.36,AAL,-0.54200542,-1.713979646,-0.108873163,,,
9-Apr-14,36.9,36.08,37,35.16,11.48M,2.56,AAL,0.277932185,-4.322460886,-3.940362087,,,
8-Apr-14,35.98,36,36.22,33.62,17.41M,0.56,AAL,0.614868642,-5.113336848,-5.462184874,,,
7-Apr-14,35.78,36.78,37.48,35.46,10.58M,-2.13,AAL,0.601750547,0.491803279,-5.595482546,,,
4-Apr-14,36.56,37.41,37.72,36.3,8.73M,-2.09,AAL,0.187466524,5.70782707,-4.126089185,,,
3-Apr-14,37.34,37.72,38.44,36.96,7.94M,-0.98,AAL,0.026518165,5.451495667,-2.808554496,,,
2-Apr-14,37.71,38.24,38.9,37.48,12.51M,-0.61,AAL,0.790722193,4.196185286,1.003697834,,,
1-Apr-14,37.94,36.95,38.19,36.85,11.07M,3.66,AAL,0.956284153,-2.506596306,-1.044456347,,,
31-Mar-14,36.6,35.84,36.87,35.75,8.42M,3.42,AAL,1.271545634,-2.608695652,-0.720221607,,,
28-Mar-14,35.39,35.77,36.5,35.35,6.79M,-1.06,AAL,0,-0.941567433,-3.141077715,,,
27-Mar-14,35.77,36.62,36.77,35.02,9.55M,-2.53,AAL,-0.217983651,0.164113786,0.164113786,,,
26-Mar-14,36.7,38.15,38.26,36.64,7.32M,-3.17,AAL,0.659630607,2.885652643,3.80952381,,,
25-Mar-14,37.9,36.88,38.2,36.86,10.42M,2.99,AAL,0.217391304,-1.258366801,-0.324324324,,,
24-Mar-14,36.8,36.25,36.86,36.03,6.51M,1.91,AAL,0.387704237,-3.846153846,-1.091405184,,,
21-Mar-14,36.11,36.76,36.82,35.91,14.11M,-1.23,AAL,0.547045952,1.155751238,1.631186066,,,
20-Mar-14,36.56,36.61,37.09,36.28,6.95M,-1.4,AAL,-1.267529666,-0.353837779,2.664049355,,,
19-Mar-14,37.08,37.27,37.63,36.68,3.86M,-0.72,AAL,-0.214190094,-0.772097977,7.747904019,,,
18-Mar-14,37.35,37.75,38.04,37.09,5.72M,-0.93,AAL,0.132625995,-0.866596639,10.02623142,,,
17-Mar-14,37.7,36.62,37.77,36.53,9.24M,3.74,AAL,0.770500826,-6.006160164,6.422551584,,,
14-Mar-14,36.34,36,37.18,35.67,7.20M,-1.09,AAL,-2.014153511,-7.739620707,2.798400914,,,
13-Mar-14,36.74,37.9,37.99,35.75,11.74M,-2.18,AAL,0.905218317,-2.344756506,9.253387143,,,
12-Mar-14,37.56,37.97,38.08,37.23,9.42M,-1.37,AAL,-0.288865546,0.29054411,8.084258469,,,
11-Mar-14,38.08,38.65,39.26,37.95,11.31M,-2.26,AAL,-0.795687885,3.508302089,8.628442945,,,
10-Mar-14,38.96,38.7,39.88,38.55,11.42M,-0.15,AAL,-0.82009226,7.202216066,8.494533221,,,
7-Mar-14,39.02,39.22,39.29,38.11,10.54M,0.54,AAL,1.056428755,6.200920661,13.15637623,,,
6-Mar-14,38.81,38.28,39.33,38.28,14.01M,2.51,AAL,1.109350238,4.704595186,13.25443787,,,
5-Mar-14,37.86,37.6,38.03,37.51,8.79M,1.39,AAL,0.696304231,2.31292517,10.42584435,,,
4-Mar-14,37.34,36.57,37.46,36.57,11.74M,3.43,AAL,1.301939058,-1.162162162,7.685512367,,,
3-Mar-14,36.1,36.17,36.4,35.32,9.50M,-2.25,AAL,-2.057947468,-1.309686221,7.80923994,,,
28-Feb-14,36.93,36.11,36.98,36.07,7.99M,1.01,AAL,-1.230853392,-0.165883329,6.834319527,,,
27-Feb-14,36.56,36.88,36.95,36.34,5.67M,-0.52,AAL,0.353741497,3.421200224,11.8253487,,,
26-Feb-14,36.75,37.12,37.28,36.58,10.52M,-0.68,AAL,0.324324324,7.314252674,16.14518148,,,
25-Feb-14,37,36.63,37.15,36.51,8.99M,0.95,AAL,-0.054570259,6.761877004,21.37176938,,,
24-Feb-14,36.65,36.2,36.66,36.02,7.02M,1.33,AAL,0.082941664,5.20197617,19.07894737,,,
21-Feb-14,36.17,35.78,36.45,35.75,7.82M,1.43,AAL,0.336511497,2.170188464,14.1307815,,,
20-Feb-14,35.66,34.43,35.67,34.43,9.29M,3.09,AAL,-0.462561434,-0.749495532,10.3525641,,,
19-Feb-14,34.59,34.25,35.09,34.11,7.26M,0.82,AAL,-0.174876129,-2.504981497,11.70906719,,,
18-Feb-14,34.31,34.73,34.95,34.2,7.09M,-0.29,AAL,0.92996222,-2.388982574,15.68954031,,,
14-Feb-14,34.41,34.85,35.18,34.22,7.31M,-1.74,AAL,-0.485436893,-2.298850575,18.77982277,,,
13-Feb-14,35.02,34.07,35.04,34.06,8.41M,0.95,AAL,-1.787258576,-1.702250433,18.13453537,,,
12-Feb-14,34.69,34.89,35,34.36,9.39M,-1.25,AAL,-0.683176772,3.224852071,20.8520956,,,
11-Feb-14,35.13,35.58,35.64,34.39,11.99M,-1.26,AAL,0,4.49339207,24.18848168,,,
10-Feb-14,35.58,36.1,36.15,35.38,11.11M,-0.25,AAL,1.205494814,6.301531213,22.99829642,,,
7-Feb-14,35.67,34.81,35.7,34.65,15.41M,2.91,AAL,0.432775534,3.755588674,18.32087016,,,
6-Feb-14,34.66,33.71,34.92,33.7,13.92M,2.54,AAL,-0.266272189,-0.266272189,22.00506696,,,
5-Feb-14,33.8,33.82,33.97,33.4,15.47M,-0.73,AAL,-0.675477239,2.546998181,25.67818655,,,
4-Feb-14,34.05,34.04,34.38,33.58,11.24M,0.27,AAL,0.23557126,6.508135169,25.93414724,,,
3-Feb-14,33.96,33.95,34.48,33.05,21.74M,1.22,AAL,1.192250373,12.49171637,27.92012057,,,
31-Jan-14,33.55,33.44,34.08,33,12.80M,-0.74,AAL,-1.065088757,10,31.86119874,,,
30-Jan-14,33.8,33.36,34.2,33.2,13.68M,2.49,AAL,1.152213463,6.411483254,32.11881188,,,
29-Jan-14,32.98,32.24,33.4,32.1,22.73M,3.19,AAL,0.876095119,3.333333333,30.10492333,,,
28-Jan-14,31.96,30.32,32.2,30.02,23.97M,5.9,AAL,0.463883366,-1.108936725,21.57177225,,,
27-Jan-14,30.18,30.4,30.87,28.67,16.29M,-0.72,AAL,0,1.265822785,16.34137007,,,
24-Jan-14,30.4,31.02,31.18,29.91,13.70M,-3.03,AAL,-1.052631579,5.72597137,18.17142857,,,
23-Jan-14,31.35,30.65,31.46,30.62,11.40M,0.48,AAL,-1.762820513,6.276005548,17.07410237,,,
22-Jan-14,31.2,30.71,31.24,30.65,7.58M,1.76,AAL,0.16307893,6.373397991,16.63501709,,,
21-Jan-14,30.66,30.66,30.8,30.2,10.61M,2.13,AAL,2.131912059,7.015706806,17.381317,,,
17-Jan-14,30.02,29.3,30.02,29.17,18.30M,2.32,AAL,-0.136332652,-0.170357751,11.70415555,,,
16-Jan-14,29.34,28.94,29.39,28.7,7.03M,1.73,AAL,0.346740638,-1.631543168,10.88122605,,,
15-Jan-14,28.84,28.9,29.44,28.7,11.19M,-0.1,AAL,0.103914098,4.596453131,8.605787298,,,
14-Jan-14,28.87,28.75,29.04,28.71,10.60M,0.77,AAL,0.34904014,6.837606838,9.607319863,,,
13-Jan-14,28.65,29.18,29.53,28.58,10.59M,-2.39,AAL,-0.579216354,7.954125046,14.65618861,,,
10-Jan-14,29.35,29.05,29.83,28.75,12.82M,-0.24,AAL,-1.257647859,9.457422758,11.77375914,,,
9-Jan-14,29.42,28.24,29.6,28.2,26.06M,6.48,AAL,2.207745204,11.35646688,13.50482315,,,
8-Jan-14,27.63,26.37,27.68,26.35,15.74M,2.68,AAL,-2.006688963,4.435643564,7.195121951,,,
7-Jan-14,26.91,27.2,27.4,26.67,11.29M,-0.44,AAL,0.628930818,9.765940274,#DIV/0!,,,
6-Jan-14,27.03,26.62,27.2,26.6,11.27M,1.85,AAL,0.301431801,6.7361668,#DIV/0!,,,
3-Jan-14,26.54,25.75,26.75,25.51,13.84M,4.65,AAL,1.53785489,-1.454267126,#DIV/0!,,,
2-Jan-14,25.36,25.07,25.82,25.06,9.00M,0.44,AAL,-0.712871287,-4.495238095,#DIV/0!,,,
31-Dec-13,25.25,24.74,25.25,24.63,7.17M,1.9,AAL,-0.1614205,-5.500381971,#DIV/0!,,,
30-Dec-13,24.78,24.87,25.25,24.65,8.84M,-0.64,AAL,-0.280673617,-5.545005697,#DIV/0!,,,
27-Dec-13,24.94,25.95,26.1,24.91,13.23M,-4.55,AAL,-0.688863375,-0.650842266,#DIV/0!,,,
26-Dec-13,26.13,26.12,26.36,25.98,4.23M,-0.46,AAL,-0.495238095,-0.419367137,#DIV/0!,,,
24-Dec-13,26.25,26,26.26,26,2.65M,0.27,AAL,-0.687547746,-0.383141762,#DIV/0!,,,
23-Dec-13,26.18,26.29,26.49,26.05,5.40M,-0.57,AAL,-0.151917964,-1.20255543,#DIV/0!,,,
20-Dec-13,26.33,26.16,26.49,26.14,8.53M,0.8,AAL,0.153139357,-0.266869996,#DIV/0!,,,
19-Dec-13,26.12,26.09,26.49,25.82,6.92M,-0.42,AAL,-0.533739992,2.514734774,#DIV/0!,,,
18-Dec-13,26.23,25.99,26.23,25.55,9.99M,0.5,AAL,-0.421455939,0,#DIV/0!,,,
17-Dec-13,26.1,26.47,26.59,25.95,11.41M,-1.92,AAL,-0.526118001,6.390675241,#DIV/0!,,,
16-Dec-13,26.61,26.63,26.77,26.35,13.19M,1.45,AAL,1.524971407,8.25203252,#DIV/0!,,,
13-Dec-13,26.23,25.61,26.3,25.52,12.19M,3.06,AAL,0.628683694,#DIV/0!,#DIV/0!,,,
12-Dec-13,25.45,26.2,26.71,25.45,19.98M,-2.08,AAL,0.808003078,#DIV/0!,#DIV/0!,,,
11-Dec-13,25.99,25.44,27.2,25.37,38.84M,4.46,AAL,2.250803859,#DIV/0!,#DIV/0!,,,
10-Dec-13,24.88,24.54,25.17,24.41,18.66M,1.14,AAL,-0.243902439,#DIV/0!,#DIV/0!,,,
9-Dec-13,24.6,23.95,25.44,23.45,43.20M,-37.23,AAL,#DIV/0!,#DIV/0!,#DIV/0!,,,
